コード,銘柄名,市場,時価総額(百万円),時価総額(億円),時価総額(兆円),ランクCD,ランク
1301,極洋,東P,50306,503.06,0,5,05_500億以上_1000億未満
130A,Veritas In Sili,東G,2653,26.53,0,7,07_100億未満
1332,ニッスイ,東P,382192,3821.92,0,4,04_1000億以上_5000億未満
1333,Umios,東P,187546,1875.46,0,4,04_1000億以上_5000億未満
135A,VRAIN Solution,東G,38050,380.5,0,6,06_100億以上_500億未満
1375,ユキグニファクトリー,東P,41747,417.47,0,6,06_100億以上_500億未満
1376,カネコ種苗,東S,16376,163.76,0,6,06_100億以上_500億未満
1377,サカタノタネ,東P,187546,1875.46,0,4,04_1000億以上_5000億未満
1379,ホクト,東P,60413,604.13,0,5,05_500億以上_1000億未満
137A,Cocolive,東G,1734,17.34,0,7,07_100億未満
1380,秋川牧園,東S,4183,41.83,0,7,07_100億未満
1381,アクシーズ,東S,21150,211.5,0,6,06_100億以上_500億未満
1382,ホーブ,東S,1160,11.6,0,7,07_100億未満
1383,ベルグアース,東S,4566,45.66,0,7,07_100億未満
1384,ホクリヨウ,東S,17231,172.31,0,6,06_100億以上_500億未満
138A,光フードサービス,東G,2877,28.77,0,7,07_100億未満
1401,エムビーエス,東G,9897,98.97,0,7,07_100億未満
1407,ウエストHLDG,東S,112123,1121.23,0,4,04_1000億以上_5000億未満
1414,ショーボンドHLDG,東P,270551,2705.51,0,4,04_1000億以上_5000億未満
1417,ミライト･ワン,東P,351785,3517.85,0,4,04_1000億以上_5000億未満
1418,インターライフHLDG,東S,8624,86.24,0,7,07_100億未満
1419,タマホーム,東P,79707,797.07,0,5,05_500億以上_1000億未満
141A,トライアルHLDG,東G,327760,3277.6,0,4,04_1000億以上_5000億未満
1420,サンヨーホームズ,東S,8436,84.36,0,7,07_100億未満
1429,日本アクア,東P,24541,245.41,0,6,06_100億以上_500億未満
142A,ジンジブ,東G,2385,23.85,0,7,07_100億未満
1430,ファーストコーポレーション,東S,11533,115.33,0,6,06_100億以上_500億未満
1431,Lib Work,東G,15505,155.05,0,6,06_100億以上_500億未満
1433,ベステラ,東P,9334,93.34,0,7,07_100億未満
1434,JESCO HLDG,東S,13804,138.04,0,6,06_100億以上_500億未満
1435,robot home,東S,14489,144.89,0,6,06_100億以上_500億未満
1436,グリーンエナジー&カンパニー,東G,21935,219.35,0,6,06_100億以上_500億未満
1438,岐阜造園,東S,5860,58.6,0,7,07_100億未満
143A,イシン,東G,1334,13.34,0,7,07_100億未満
1443,技研HLDG,東S,3718,37.18,0,7,07_100億未満
1444,ニッソウ,東G,3069,30.69,0,7,07_100億未満
1446,キャンディル,東S,5625,56.25,0,7,07_100億未満
1447,SAAFHLDG,東G,7016,70.16,0,7,07_100億未満
1450,TANAKEN,東S,12023,120.23,0,6,06_100億以上_500億未満
145A,L is B,東G,4288,42.88,0,7,07_100億未満
146A,コロンビア･ワークス,東S,19839,198.39,0,6,06_100億以上_500億未満
147A,ソラコム,東G,51049,510.49,0,5,05_500億以上_1000億未満
148A,ハッチ･ワーク,東G,3319,33.19,0,7,07_100億未満
1491,中外鉱業,東S,10069,100.69,0,6,06_100億以上_500億未満
149A,シンカ,東G,2492,24.92,0,7,07_100億未満
150A,JSH,東G,2017,20.17,0,7,07_100億未満
1514,住石HLDG,東S,36973,369.73,0,6,06_100億以上_500億未満
1515,日鉄鉱業,東P,192480,1924.8,0,4,04_1000億以上_5000億未満
1518,三井松島HLDG,東P,90275,902.75,0,5,05_500億以上_1000億未満
151A,ダイブ,東G,5135,51.35,0,7,07_100億未満
153A,カウリス,東G,11390,113.9,0,6,06_100億以上_500億未満
155A,情報戦略テクノロジー,東G,9030,90.3,0,7,07_100億未満
156A,マテリアルグループ,東G,8001,80.01,0,7,07_100億未満
157A,グリーンモンスター,東G,2950,29.5,0,7,07_100億未満
1605,INPEX,東P,4593328,45933.28,5,2,02_1兆以上_10兆未満
160A,アズパートナーズ,東S,7053,70.53,0,7,07_100億未満
1662,石油資源開発,東P,442298,4422.98,0,4,04_1000億以上_5000億未満
1663,K&Oエナジーグループ,東P,115328,1153.28,0,4,04_1000億以上_5000億未満
166A,タスキHLDG,東G,58031,580.31,0,5,05_500億以上_1000億未満
167A,リョーサン菱洋HLDG,東P,140950,1409.5,0,4,04_1000億以上_5000億未満
168A,イタミアート,東G,1670,16.7,0,7,07_100億未満
1711,SDSHLDG,東S,2243,22.43,0,7,07_100億未満
1716,第一カッター興業,東S,16788,167.88,0,6,06_100億以上_500億未満
1717,明豊ファシリティワークス,東S,11281,112.81,0,6,06_100億以上_500億未満
1718,美樹工業,東S,8107,81.07,0,7,07_100億未満
1719,安藤･間,東P,311266,3112.66,0,4,04_1000億以上_5000億未満
1720,東急建設,東P,118718,1187.18,0,4,04_1000億以上_5000億未満
1721,コムシスHLDG,東P,633424,6334.24,1,3,03_5000億以上_1兆未満
1723,日本電技,東S,144997,1449.97,0,4,04_1000億以上_5000億未満
1724,シンクレイヤ,東S,3297,32.97,0,7,07_100億未満
1736,オーテック,東S,39262,392.62,0,6,06_100億以上_500億未満
173A,ハンモック,東G,5834,58.34,0,7,07_100億未満
1758,太洋基礎工業,東S,6122,61.22,0,7,07_100億未満
175A,Will Smart,東G,1343,13.43,0,7,07_100億未満
1762,高松コンストラクショングループ,東P,115772,1157.72,0,4,04_1000億以上_5000億未満
1764,工藤建設,東S,3882,38.82,0,7,07_100億未満
1766,東建コーポレーション,東P,161664,1616.64,0,4,04_1000億以上_5000億未満
1768,ソネック,東S,7515,75.15,0,7,07_100億未満
1770,藤田エンジニアリング,東S,17809,178.09,0,6,06_100億以上_500億未満
1773,ワイ･ティー･エル,東P,946284,9462.84,1,3,03_5000億以上_1兆未満
177A,コージンバイオ,東G,5234,52.34,0,7,07_100億未満
1780,ヤマウラ,東P,28258,282.58,0,6,06_100億以上_500億未満
1783,fantasista,東S,10439,104.39,0,6,06_100億以上_500億未満
1786,オリエンタル白石,東P,44419,444.19,0,6,06_100億以上_500億未満
1787,ナカボーテック,東S,13507,135.07,0,6,06_100億以上_500億未満
1788,三東工業社,東S,3087,30.87,0,7,07_100億未満
1793,大本組,東S,49516,495.16,0,6,06_100億以上_500億未満
1795,マサル,東S,4312,43.12,0,7,07_100億未満
1798,守谷商会,東S,11356,113.56,0,6,06_100億以上_500億未満
1799,第一建設工業,東S,67060,670.6,0,5,05_500億以上_1000億未満
1801,大成建設,東P,2130392,21303.92,2,2,02_1兆以上_10兆未満
1802,大林組,東P,2135621,21356.21,2,2,02_1兆以上_10兆未満
1803,清水建設,東P,1765206,17652.06,2,2,02_1兆以上_10兆未満
1807,佐藤渡辺,東S,11792,117.92,0,6,06_100億以上_500億未満
1808,長谷工コーポレーション,東P,768198,7681.98,1,3,03_5000億以上_1兆未満
1810,松井建設,東S,39907,399.07,0,6,06_100億以上_500億未満
1811,錢高組,東S,56252,562.52,0,5,05_500億以上_1000億未満
1812,鹿島建設,東P,2883818,28838.18,3,2,02_1兆以上_10兆未満
1813,不動テトラ,東P,43681,436.81,0,6,06_100億以上_500億未満
1814,大末建設,東P,32957,329.57,0,6,06_100億以上_500億未満
1815,鉄建建設,東P,62666,626.66,0,5,05_500億以上_1000億未満
1820,西松建設,東P,219113,2191.13,0,4,04_1000億以上_5000億未満
1822,大豊建設,東S,64002,640.02,0,5,05_500億以上_1000億未満
1826,佐田建設,東S,13052,130.52,0,6,06_100億以上_500億未満
1827,ナカノフドー建設,東S,40639,406.39,0,6,06_100億以上_500億未満
1828,田辺工業,東S,23988,239.88,0,6,06_100億以上_500億未満
1833,奥村組,東P,211885,2118.85,0,4,04_1000億以上_5000億未満
1835,東鉄工業,東P,145302,1453.02,0,4,04_1000億以上_5000億未満
1840,土屋HLDG,東S,5903,59.03,0,7,07_100億未満
1844,大盛工業,東S,9349,93.49,0,7,07_100億未満
1847,イチケン,東S,36597,365.97,0,6,06_100億以上_500億未満
1848,富士ピー･エス,東S,11106,111.06,0,6,06_100億以上_500億未満
184A,学ビエイド,東G,1137,11.37,0,7,07_100億未満
1850,南海辰村建設,東S,11181,111.81,0,6,06_100億以上_500億未満
1852,淺沼組,東P,62690,626.9,0,5,05_500億以上_1000億未満
1853,森組,東S,10201,102.01,0,6,06_100億以上_500億未満
1860,戸田建設,東P,489252,4892.52,0,4,04_1000億以上_5000億未満
1861,熊谷組,東P,233742,2337.42,0,4,04_1000億以上_5000億未満
1866,北野建設,東S,25069,250.69,0,6,06_100億以上_500億未満
1867,植木組,東S,15816,158.16,0,6,06_100億以上_500億未満
186A,アストロスケールHLDG,東G,265695,2656.95,0,4,04_1000億以上_5000億未満
1870,矢作建設工業,東P,80115,801.15,0,5,05_500億以上_1000億未満
1871,ピーエス･コンストラクション,東P,98818,988.18,0,5,05_500億以上_1000億未満
1873,日本ハウスHLDG,東P,11600,116,0,6,06_100億以上_500億未満
1878,大東建託,東P,1006562,10065.62,1,2,02_1兆以上_10兆未満
1879,新日本建設,東P,134196,1341.96,0,4,04_1000億以上_5000億未満
1882,東亜道路工業,東P,74735,747.35,0,5,05_500億以上_1000億未満
1885,東亜建設工業,東P,189858,1898.58,0,4,04_1000億以上_5000億未満
1887,日本国土開発,東P,46145,461.45,0,6,06_100億以上_500億未満
1888,若築建設,東P,42655,426.55,0,6,06_100億以上_500億未満
1893,五洋建設,東P,460053,4600.53,0,4,04_1000億以上_5000億未満
1897,金下建設,東S,11915,119.15,0,6,06_100億以上_500億未満
1898,世紀東急工業,東P,52207,522.07,0,5,05_500億以上_1000億未満
1899,福田組,東P,64714,647.14,0,5,05_500億以上_1000億未満
189A,D&Mカンパニー,東G,2097,20.97,0,7,07_100億未満
1904,大成温調,東S,33690,336.9,0,6,06_100億以上_500億未満
1905,テノックス,東S,10816,108.16,0,6,06_100億以上_500億未満
1909,日本ドライケミカル,東S,107153,1071.53,0,4,04_1000億以上_5000億未満
190A,Chordia Therape,東G,7649,76.49,0,7,07_100億未満
1911,住友林業,東P,794239,7942.39,1,3,03_5000億以上_1兆未満
1914,日本基礎技術,東S,19222,192.22,0,6,06_100億以上_500億未満
1921,巴コーポレーション,東S,58440,584.4,0,5,05_500億以上_1000億未満
1925,大和ハウス工業,東P,2788282,27882.82,3,2,02_1兆以上_10兆未満
1926,ライト工業,東P,172956,1729.56,0,4,04_1000億以上_5000億未満
1928,積水ハウス,東P,2146323,21463.23,2,2,02_1兆以上_10兆未満
1929,日特建設,東P,45702,457.02,0,6,06_100億以上_500億未満
192A,インテグループ,東G,2962,29.62,0,7,07_100億未満
1930,北陸電気工事,東P,46504,465.04,0,6,06_100億以上_500億未満
1934,ユアテック,東P,160178,1601.78,0,4,04_1000億以上_5000億未満
1938,日本リーテック,東P,69400,694,0,5,05_500億以上_1000億未満
1939,四電工,東P,88365,883.65,0,5,05_500億以上_1000億未満
1941,中電工,東P,280807,2808.07,0,4,04_1000億以上_5000億未満
1942,関電工,東P,1187798,11877.98,1,2,02_1兆以上_10兆未満
1944,キンデン,東P,1312299,13122.99,1,2,02_1兆以上_10兆未満
1945,東京エネシス,東P,74089,740.89,0,5,05_500億以上_1000億未満
1946,トーエネック,東P,197166,1971.66,0,4,04_1000億以上_5000億未満
1948,弘電社,東S,102976,1029.76,0,4,04_1000億以上_5000億未満
194A,WOLVES HAND,東G,9585,95.85,0,7,07_100億未満
1950,日本電設工業,東P,263995,2639.95,0,4,04_1000億以上_5000億未満
1951,エクシオグループ,東P,574619,5746.19,1,3,03_5000億以上_1兆未満
1952,新日本空調,東P,156135,1561.35,0,4,04_1000億以上_5000億未満
1959,クラフティア,東P,611423,6114.23,1,3,03_5000億以上_1兆未満
195A,MUSCAT GROUP,東G,2290,22.9,0,7,07_100億未満
1960,サンテック,東S,22320,223.2,0,6,06_100億以上_500億未満
1961,三機工業,東P,362696,3626.96,0,4,04_1000億以上_5000億未満
1963,日揮HLDG,東P,634429,6344.29,1,3,03_5000億以上_1兆未満
1964,中外炉工業,東P,31707,317.07,0,6,06_100億以上_500億未満
1965,テクノ菱和,東S,123763,1237.63,0,4,04_1000億以上_5000億未満
1966,高田工業所,東S,11735,117.35,0,6,06_100億以上_500億未満
1967,ヤマト,東S,49727,497.27,0,6,06_100億以上_500億未満
1968,太平電業,東P,167228,1672.28,0,4,04_1000億以上_5000億未満
1969,高砂熱学工業,東P,638476,6384.76,1,3,03_5000億以上_1兆未満
196A,MFS,東G,2927,29.27,0,7,07_100億未満
1972,三晃金属工業,東S,23522,235.22,0,6,06_100億以上_500億未満
1975,朝日工業社,東P,103088,1030.88,0,4,04_1000億以上_5000億未満
1976,明星工業,東P,91880,918.8,0,5,05_500億以上_1000億未満
1979,大氣社,東P,277655,2776.55,0,4,04_1000億以上_5000億未満
197A,タウンズ,東S,52101,521.01,0,5,05_500億以上_1000億未満
1980,ダイダン,東P,329560,3295.6,0,4,04_1000億以上_5000億未満
1981,協和日成,東S,13455,134.55,0,6,06_100億以上_500億未満
1982,日比谷総合設備,東P,128656,1286.56,0,4,04_1000億以上_5000億未満
198A,PostPrime,東G,1466,14.66,0,7,07_100億未満
1992,神田通信機,東S,7235,72.35,0,7,07_100億未満
1994,高橋カーテンウォール工業,東S,5321,53.21,0,7,07_100億未満
1997,暁飯島工業,東S,8096,80.96,0,7,07_100億未満
2001,ニップン,東P,219782,2197.82,0,4,04_1000億以上_5000億未満
2002,日清製粉グループ本社,東P,535025,5350.25,1,3,03_5000億以上_1兆未満
2003,日東富士製粉,東S,62014,620.14,0,5,05_500億以上_1000億未満
2004,昭和産業,東P,103936,1039.36,0,4,04_1000億以上_5000億未満
2009,鳥越製粉,東S,27911,279.11,0,6,06_100億以上_500億未満
2053,中部飼料,東P,51298,512.98,0,5,05_500億以上_1000億未満
2055,日和産業,東S,6645,66.45,0,7,07_100億未満
205A,ロゴスHLDG,東G,6243,62.43,0,7,07_100億未満
2060,フィード･ワン,東P,44018,440.18,0,6,06_100億以上_500億未満
206A,PRISM BioLab,東G,5212,52.12,0,7,07_100億未満
208A,構造計画研究所HLDG,東S,31900,319,0,6,06_100億以上_500億未満
2108,日本甜菜製糖,東P,52635,526.35,0,5,05_500億以上_1000億未満
2109,DM三井製糖,東P,101002,1010.02,0,4,04_1000億以上_5000億未満
2112,塩水港精糖,東S,14525,145.25,0,6,06_100億以上_500億未満
2114,フジ日本,東S,31325,313.25,0,6,06_100億以上_500億未満
2117,ウェルネオシュガー,東P,82361,823.61,0,5,05_500億以上_1000億未満
211A,カドス,東S,3336,33.36,0,7,07_100億未満
2120,LIFULL,東P,25033,250.33,0,6,06_100億以上_500億未満
2121,MIXI,東P,181949,1819.49,0,4,04_1000億以上_5000億未満
2122,インタースペース,東S,8751,87.51,0,7,07_100億未満
2124,ジェイエイシーリクルートメント,東P,140558,1405.58,0,4,04_1000億以上_5000億未満
2127,日本M&AセンターHLDG,東P,210247,2102.47,0,4,04_1000億以上_5000億未満
212A,フィットイージー,東P,35993,359.93,0,6,06_100億以上_500億未満
2130,メンバーズ,東P,12725,127.25,0,6,06_100億以上_500億未満
2134,北浜キャピタルパートナーズ,東S,13692,136.92,0,6,06_100億以上_500億未満
2136,ヒップ,東S,5466,54.66,0,7,07_100億未満
2138,クルーズ,東S,6168,61.68,0,7,07_100億未満
2139,中広,東S,3416,34.16,0,7,07_100億未満
2146,UTグループ,東P,105810,1058.1,0,4,04_1000億以上_5000億未満
2148,アイティメディア,東P,23744,237.44,0,6,06_100億以上_500億未満
2152,幼児活動研究会,東S,17629,176.29,0,6,06_100億以上_500億未満
2153,E･J HLDG,東P,28524,285.24,0,6,06_100億以上_500億未満
2154,オープンアップグループ,東P,167931,1679.31,0,4,04_1000億以上_5000億未満
2156,セーラー広告,東S,1617,16.17,0,7,07_100億未満
2157,コシダカHLDG,東P,77572,775.72,0,5,05_500億以上_1000億未満
2158,FRONTEO,東G,22583,225.83,0,6,06_100億以上_500億未満
215A,タイミー,東G,104068,1040.68,0,4,04_1000億以上_5000億未満
2160,ジーエヌアイグループ,東G,149840,1498.4,0,4,04_1000億以上_5000億未満
2162,nms HLDG,東S,11627,116.27,0,6,06_100億以上_500億未満
2163,アルトナー,東P,20129,201.29,0,6,06_100億以上_500億未満
2164,地域新聞社,東S,2431,24.31,0,7,07_100億未満
2168,パソナグループ,東P,60084,600.84,0,5,05_500億以上_1000億未満
2169,CDS,東S,12152,121.52,0,6,06_100億以上_500億未満
2170,リンクアンドモチベーション,東P,61348,613.48,0,5,05_500億以上_1000億未満
2173,博展,東G,10640,106.4,0,6,06_100億以上_500億未満
2175,エス･エム･エス,東P,175211,1752.11,0,4,04_1000億以上_5000億未満
2179,成学社,東S,4489,44.89,0,7,07_100億未満
2180,サニーサイドアップグループ,東S,20015,200.15,0,6,06_100億以上_500億未満
2181,パーソルHLDG,東P,537256,5372.56,1,3,03_5000億以上_1兆未満
2183,リニカル,東S,5294,52.94,0,7,07_100億未満
2185,シイエム･シイ,東S,25999,259.99,0,6,06_100億以上_500億未満
2186,ソーバル,東S,7343,73.43,0,7,07_100億未満
218A,Liberaware,東G,22250,222.5,0,6,06_100億以上_500億未満
2193,クックパッド,東S,9457,94.57,0,7,07_100億未満
2195,アミタHLDG,東G,6584,65.84,0,7,07_100億未満
2198,アイ･ケイ･ケイHLDG,東P,23666,236.66,0,6,06_100億以上_500億未満
219A,Heartseed,東G,35798,357.98,0,6,06_100億以上_500億未満
2201,森永製菓,東P,209897,2098.97,0,4,04_1000億以上_5000億未満
2204,中村屋,東S,18227,182.27,0,6,06_100億以上_500億未満
2206,江崎グリコ,東P,358022,3580.22,0,4,04_1000億以上_5000億未満
2207,meito,東P,48490,484.9,0,6,06_100億以上_500億未満
2208,ブルボン,東S,79222,792.22,0,5,05_500億以上_1000億未満
2209,井村屋グループ,東P,28777,287.77,0,6,06_100億以上_500億未満
220A,Faber Company,東S,2751,27.51,0,7,07_100億未満
2211,不二家,東P,58480,584.8,0,5,05_500億以上_1000億未満
2212,山崎製パン,東P,665254,6652.54,1,3,03_5000億以上_1兆未満
2215,第一屋製パン,東S,4179,41.79,0,7,07_100億未満
2216,カンロ,東S,48106,481.06,0,6,06_100億以上_500億未満
2217,モロゾフ,東P,30025,300.25,0,6,06_100億以上_500億未満
2220,亀田製菓,東P,79811,798.11,0,5,05_500億以上_1000億未満
2221,岩塚製菓,東S,36210,362.1,0,6,06_100億以上_500億未満
2222,寿スピリッツ,東P,332175,3321.75,0,4,04_1000億以上_5000億未満
2224,コモ,東S,12796,127.96,0,6,06_100億以上_500億未満
2226,湖池屋,東S,49722,497.22,0,6,06_100億以上_500億未満
2229,カルビー,東P,379423,3794.23,0,4,04_1000億以上_5000億未満
2264,森永乳業,東P,418748,4187.48,0,4,04_1000億以上_5000億未満
2266,六甲バター,東P,22010,220.1,0,6,06_100億以上_500億未満
2267,ヤクルト本社,東P,827592,8275.92,1,3,03_5000億以上_1兆未満
2268,BーR サーティワン アイス,東S,39591,395.91,0,6,06_100億以上_500億未満
2269,明治HLDG,東P,1035392,10353.92,1,2,02_1兆以上_10兆未満
2270,雪印メグミルク,東P,220232,2202.32,0,4,04_1000億以上_5000億未満
2281,プリマハム,東P,115600,1156,0,4,04_1000億以上_5000億未満
2282,日本ハム,東P,550014,5500.14,1,3,03_5000億以上_1兆未満
2286,林兼産業,東S,7440,74.4,0,7,07_100億未満
2288,丸大食品,東P,57014,570.14,0,5,05_500億以上_1000億未満
228A,オプロ,東G,4338,43.38,0,7,07_100億未満
2291,福留ハム,東S,1707,17.07,0,7,07_100億未満
2292,S FOODS,東P,83089,830.89,0,5,05_500億以上_1000億未満
2293,滝沢ハム,東S,5503,55.03,0,7,07_100億未満
2294,柿安本店,東P,31266,312.66,0,6,06_100億以上_500億未満
2296,伊藤ハム米久HLDG,東P,268390,2683.9,0,4,04_1000億以上_5000億未満
2300,キョクトウ,東S,2748,27.48,0,7,07_100億未満
2301,学情,東P,24102,241.02,0,6,06_100億以上_500億未満
2303,ドーン,東S,8283,82.83,0,7,07_100億未満
2304,CSS HLDG,東S,4820,48.2,0,7,07_100億未満
2305,スタジオアリス,東S,30522,305.22,0,6,06_100億以上_500億未満
2307,クロスキャット,東P,15628,156.28,0,6,06_100億以上_500億未満
2311,エプコ,東S,7173,71.73,0,7,07_100億未満
2315,CAICA DIGITAL,東S,10684,106.84,0,6,06_100億以上_500億未満
2317,システナ,東P,177166,1771.66,0,4,04_1000億以上_5000億未満
2321,ソフトフロントHLDG,東G,7642,76.42,0,7,07_100億未満
2323,fonfun,東S,7708,77.08,0,7,07_100億未満
2325,NJS,東P,47929,479.29,0,6,06_100億以上_500億未満
2326,デジタルアーツ,東P,52221,522.21,0,5,05_500億以上_1000億未満
2327,日鉄ソリューションズ,東P,628246,6282.46,1,3,03_5000億以上_1兆未満
2329,東北新社,東S,73748,737.48,0,5,05_500億以上_1000億未満
2330,フォーサイド,東S,3146,31.46,0,7,07_100億未満
2331,ALSOK,東P,543108,5431.08,1,3,03_5000億以上_1兆未満
2332,クエスト,東S,10081,100.81,0,6,06_100億以上_500億未満
2334,イオレ,東G,27242,272.42,0,6,06_100億以上_500億未満
2335,キューブシステム,東P,15813,158.13,0,6,06_100億以上_500億未満
2337,イチゴ,東P,186147,1861.47,0,4,04_1000億以上_5000億未満
2338,クオンタムソリューションズ,東S,6550,65.5,0,7,07_100億未満
2340,極楽湯HLDG,東S,14973,149.73,0,6,06_100億以上_500億未満
2341,アルバイトタイムス,東S,4151,41.51,0,7,07_100億未満
2342,トランスジェニックグループ,東S,3740,37.4,0,7,07_100億未満
2345,HODL1,東S,3926,39.26,0,7,07_100億未満
2349,エヌアイデイ,東S,31371,313.71,0,6,06_100億以上_500億未満
2351,ASJ,東S,2513,25.13,0,7,07_100億未満
2353,日本駐車場開発,東P,81525,815.25,0,5,05_500億以上_1000億未満
2354,YE DIGITAL,東S,17352,173.52,0,6,06_100億以上_500億未満
2359,コア,東P,30263,302.63,0,6,06_100億以上_500億未満
2370,メディネット,東G,7838,78.38,0,7,07_100億未満
2371,カカクコム,東P,660265,6602.65,1,3,03_5000億以上_1兆未満
2373,ケア21,東S,6190,61.9,0,7,07_100億未満
2375,ギグワークス,東S,4691,46.91,0,7,07_100億未満
2376,サイネックス,東S,5118,51.18,0,7,07_100億未満
2378,ルネサンス,東P,20802,208.02,0,6,06_100億以上_500億未満
2379,ディップ,東P,104463,1044.63,0,4,04_1000億以上_5000億未満
2384,SBS HLDG,東P,181314,1813.14,0,4,04_1000億以上_5000億未満
2385,総医研HLDG,東G,6435,64.35,0,7,07_100億未満
2388,ウェッジHLDG,東G,1700,17,0,7,07_100億未満
2391,プラネット,東S,7847,78.47,0,7,07_100億未満
2393,日本ケアサプライ,東S,41357,413.57,0,6,06_100億以上_500億未満
2395,新日本科学,東P,45463,454.63,0,6,06_100億以上_500億未満
2404,鉄人化HLDG,東S,7959,79.59,0,7,07_100億未満
2408,KG情報,東S,6481,64.81,0,7,07_100億未満
2410,キャリアデザインセンター,東P,13970,139.7,0,6,06_100億以上_500億未満
2411,ゲンダイエージェンシー,東S,5400,54,0,7,07_100億未満
2413,エムスリー,東P,1049247,10492.47,1,2,02_1兆以上_10兆未満
2415,ヒューマンHLDG,東S,15754,157.54,0,6,06_100億以上_500億未満
2418,ツカダ･グローバルHLDG,東S,27369,273.69,0,6,06_100億以上_500億未満
241A,ROXX,東G,4115,41.15,0,7,07_100億未満
2424,ブラス,東S,3391,33.91,0,7,07_100億未満
2425,ケアサービス,東S,2738,27.38,0,7,07_100億未満
2428,ウェルネット,東S,11659,116.59,0,6,06_100億以上_500億未満
2429,ワールドHLDG,東P,41287,412.87,0,6,06_100億以上_500億未満
2432,ディー･エヌ･エー,東P,321487,3214.87,0,4,04_1000億以上_5000億未満
2433,博報堂DY HLDG,東P,408663,4086.63,0,4,04_1000億以上_5000億未満
2435,シダー,東S,2353,23.53,0,7,07_100億未満
2436,共同ピーアール,東S,9062,90.62,0,7,07_100億未満
2437,Shinwa Wise HLD,東S,4374,43.74,0,7,07_100億未満
2438,アスカネット,東G,6112,61.12,0,7,07_100億未満
2440,グルナビ,東S,7056,70.56,0,7,07_100億未満
2445,タカミヤ,東S,17470,174.7,0,6,06_100億以上_500億未満
2449,プラップジャパン,東S,4871,48.71,0,7,07_100億未満
244A,グロースエクスパートナーズ,東G,3949,39.49,0,7,07_100億未満
2454,オールアバウト,東S,5064,50.64,0,7,07_100億未満
2459,アウンコンサルティング,東S,1388,13.88,0,7,07_100億未満
245A,INGS,東G,5875,58.75,0,7,07_100億未満
2461,ファンコミュニケーションズ,東P,27187,271.87,0,6,06_100億以上_500億未満
2462,ライク,東P,28569,285.69,0,6,06_100億以上_500億未満
2464,Aoba−BBT,東S,4479,44.79,0,7,07_100億未満
2469,ヒビノ,東S,27050,270.5,0,6,06_100億以上_500億未満
246A,アスア,東G,2820,28.2,0,7,07_100億未満
2471,エスプール,東P,18883,188.83,0,6,06_100億以上_500億未満
2475,WDB HLDG,東P,34864,348.64,0,6,06_100億以上_500億未満
2477,手間イラズ,東S,13701,137.01,0,6,06_100億以上_500億未満
2479,ジェイテック,東S,2023,20.23,0,7,07_100億未満
247A,Aiロボティクス,東G,43516,435.16,0,6,06_100億以上_500億未満
2480,システム･ロケーション,東S,6055,60.55,0,7,07_100億未満
2481,タウンニュース社,東S,3602,36.02,0,7,07_100億未満
2483,翻訳センター,東S,7018,70.18,0,7,07_100億未満
2484,出前館,東S,13373,133.73,0,6,06_100億以上_500億未満
2485,ティア,東S,10107,101.07,0,6,06_100億以上_500億未満
2488,JTP,東S,8037,80.37,0,7,07_100億未満
2489,アドウェイズ,東S,11132,111.32,0,6,06_100億以上_500億未満
248A,キッズスター,東G,2275,22.75,0,7,07_100億未満
2491,バリューコマース,東P,15822,158.22,0,6,06_100億以上_500億未満
2492,インフォマート,東P,98443,984.43,0,5,05_500億以上_1000億未満
2493,イーサポートリンク,東S,3987,39.87,0,7,07_100億未満
2497,ユナイテッド,東G,19802,198.02,0,6,06_100億以上_500億未満
2498,オリエンタルコンサルタンツHD,東S,35843,358.43,0,6,06_100億以上_500億未満
2499,日本和装HLDG,東S,2548,25.48,0,7,07_100億未満
2501,サッポロHLDG,東P,623460,6234.6,1,3,03_5000億以上_1兆未満
2502,アサヒグループHLDG,東P,2263263,22632.63,2,2,02_1兆以上_10兆未満
2503,キリンHLDG,東P,2144040,21440.4,2,2,02_1兆以上_10兆未満
250A,シマダヤ,東S,23265,232.65,0,6,06_100億以上_500億未満
2531,宝HLDG,東P,430404,4304.04,0,4,04_1000億以上_5000億未満
2533,オエノンHLDG,東P,31088,310.88,0,6,06_100億以上_500億未満
253A,ETSグループ,東S,6554,65.54,0,7,07_100億未満
2540,養命酒製造,東P,66248,662.48,0,5,05_500億以上_1000億未満
254A,AI フュージョンキャピタルグ,東S,9334,93.34,0,7,07_100億未満
255A,ジーエルテクノHLDG,東S,84824,848.24,0,5,05_500億以上_1000億未満
256A,飛島HLDG,東P,36318,363.18,0,6,06_100億以上_500億未満
2573,北海道コカ･コーラボトリング,東S,56813,568.13,0,5,05_500億以上_1000億未満
2579,コカ･コーラボトラーズJPHD,東P,603893,6038.93,1,3,03_5000億以上_1兆未満
2585,ライフドリンク カンパニー,東P,93145,931.45,0,5,05_500億以上_1000億未満
2586,フルッタフルッタ,東G,10760,107.6,0,6,06_100億以上_500億未満
2587,サントリービバレッジ&フード,東P,1296564,12965.64,1,2,02_1兆以上_10兆未満
2588,プレミアムウォーターHLDG,東S,73422,734.22,0,5,05_500億以上_1000億未満
2590,ダイドーグループHLDG,東P,82710,827.1,0,5,05_500億以上_1000億未満
2593,伊藤園,東P,318315,3183.15,0,4,04_1000億以上_5000億未満
2594,キーコーヒー,東P,43449,434.49,0,6,06_100億以上_500億未満
2597,ユニカフェ,東S,14965,149.65,0,6,06_100億以上_500億未満
2602,日清オイリオグループ,東P,165325,1653.25,0,4,04_1000億以上_5000億未満
2607,不二製油,東P,297123,2971.23,0,4,04_1000億以上_5000億未満
2612,カドヤ製油,東S,41933,419.33,0,6,06_100億以上_500億未満
2613,Jーオイルミルズ,東P,65744,657.44,0,5,05_500億以上_1000億未満
261A,日水コン,東S,25868,258.68,0,6,06_100億以上_500億未満
262A,インターメスティック,東P,56949,569.49,0,5,05_500億以上_1000億未満
264A,Schoo,東G,3674,36.74,0,7,07_100億未満
2652,マンダラケ,東S,12989,129.89,0,6,06_100億以上_500億未満
2653,イオン九州,東S,97046,970.46,0,5,05_500億以上_1000億未満
2654,アスモ,東S,5891,58.91,0,7,07_100億未満
2656,ベクターHLDG,東S,5641,56.41,0,7,07_100億未満
2659,サンエー,東P,200525,2005.25,0,4,04_1000億以上_5000億未満
265A,Hmcomm,東G,2680,26.8,0,7,07_100億未満
2664,カワチ薬品,東P,81371,813.71,0,5,05_500億以上_1000億未満
2666,オートウェーブ,東S,2254,22.54,0,7,07_100億未満
2667,イメージワン,東S,2248,22.48,0,7,07_100億未満
2668,タビオ,東S,8456,84.56,0,7,07_100億未満
2669,カネ美食品,東S,38300,383,0,6,06_100億以上_500億未満
2670,エービーシー･マート,東P,666838,6668.38,1,3,03_5000億以上_1兆未満
2673,夢ミツケ隊,東S,899,8.99,0.000899,7,07_100億未満
2674,ハードオフコーポレーション,東P,31983,319.83,0,6,06_100億以上_500億未満
2676,高千穂交易,東P,41684,416.84,0,6,06_100億以上_500億未満
2678,アスクル,東P,105930,1059.3,0,4,04_1000億以上_5000億未満
2681,ゲオHLDG,東P,79090,790.9,0,5,05_500億以上_1000億未満
2683,魚喜,東S,2561,25.61,0,7,07_100億未満
2685,アンドエスティHD,東P,172264,1722.64,0,4,04_1000億以上_5000億未満
2686,ジーフット,東S,12647,126.47,0,6,06_100億以上_500億未満
2687,シー･ヴイ･エス･ベイエリア,東S,2410,24.1,0,7,07_100億未満
2689,オルバヘルスケアHLDG,東S,12838,128.38,0,6,06_100億以上_500億未満
268A,リガク･HLDG,東P,695178,6951.78,1,3,03_5000億以上_1兆未満
2693,YKT,東S,4560,45.6,0,7,07_100億未満
2694,焼肉坂井HLDG,東S,16791,167.91,0,6,06_100億以上_500億未満
2695,クラ寿司,東P,126352,1263.52,0,4,04_1000億以上_5000億未満
2698,キャンドゥ,東S,53245,532.45,0,5,05_500億以上_1000億未満
269A,Sapeet,東G,3595,35.95,0,7,07_100億未満
2700,木徳神糧,東S,14868,148.68,0,6,06_100億以上_500億未満
2702,日本マクドナルドHLDG,東S,971938,9719.38,1,3,03_5000億以上_1兆未満
2705,大戸屋HLDG,東S,50988,509.88,0,5,05_500億以上_1000億未満
2708,久世,東S,8443,84.43,0,7,07_100億未満
2721,ジェイHLDG,東S,1374,13.74,0,7,07_100億未満
2722,IKHLDG,東S,3024,30.24,0,7,07_100億未満
2726,パルグループHLDG,東P,258383,2583.83,0,4,04_1000億以上_5000億未満
2730,エディオン,東P,298719,2987.19,0,4,04_1000億以上_5000億未満
2733,アラタ,東P,88016,880.16,0,5,05_500億以上_1000億未満
2734,サーラコーポレーション,東P,63796,637.96,0,5,05_500億以上_1000億未満
2735,ワッツ,東S,8129,81.29,0,7,07_100億未満
2736,フェスタリアHLDG,東S,2423,24.23,0,7,07_100億未満
2737,トーメンデバイス,東P,97065,970.65,0,5,05_500億以上_1000億未満
2742,ハローズ,東P,79397,793.97,0,5,05_500億以上_1000億未満
2747,北雄ラッキー,東S,3851,38.51,0,7,07_100億未満
2749,JP HLDG,東P,51743,517.43,0,5,05_500億以上_1000億未満
274A,ガーデン,東S,15801,158.01,0,6,06_100億以上_500億未満
2750,石光商事,東S,9840,98.4,0,7,07_100億未満
2751,テンポスHLDG,東S,50030,500.3,0,5,05_500億以上_1000億未満
2752,フジオフードグループ本社,東P,58995,589.95,0,5,05_500億以上_1000億未満
2753,アミヤキ亭,東P,26710,267.1,0,6,06_100億以上_500億未満
2760,東京エレクトロン デバイス,東P,132710,1327.1,0,4,04_1000億以上_5000億未満
2762,SANKO MARKETING,東S,3731,37.31,0,7,07_100億未満
2763,エフティグループ,東S,32466,324.66,0,6,06_100億以上_500億未満
2764,ヒラマツ,東S,9716,97.16,0,7,07_100億未満
2767,円谷フィールズHLDG,東P,88656,886.56,0,5,05_500億以上_1000億未満
2768,双日,東P,1082550,10825.5,1,2,02_1兆以上_10兆未満
2769,ヴィレッジヴァンガードコーポレ,東S,6462,64.62,0,7,07_100億未満
276A,ククレブ･アドバイザーズ,東G,14123,141.23,0,6,06_100億以上_500億未満
2776,新都HLDG,東S,6088,60.88,0,7,07_100億未満
2778,パレモHLDG,東S,1326,13.26,0,7,07_100億未満
277A,グロービング,東P,66505,665.05,0,5,05_500億以上_1000億未満
2780,コメ兵HLDG,東S,56510,565.1,0,5,05_500億以上_1000億未満
2782,セリア,東S,281746,2817.46,0,4,04_1000億以上_5000億未満
2784,アルフレッサHLDG,東P,420860,4208.6,0,4,04_1000億以上_5000億未満
2788,アップルインターナショナル,東S,5201,52.01,0,7,07_100億未満
2789,カルラ,東S,2746,27.46,0,7,07_100億未満
278A,Terra Drone,東G,78479,784.79,0,5,05_500億以上_1000億未満
2790,ナフコ,東S,61862,618.62,0,5,05_500億以上_1000億未満
2791,大黒天物産,東P,60475,604.75,0,5,05_500億以上_1000億未満
2792,ハニーズHLDG,東P,37916,379.16,0,6,06_100億以上_500億未満
2795,日本プリメックス,東S,5010,50.1,0,7,07_100億未満
2796,ファーマライズホールディングス,東S,6042,60.42,0,7,07_100億未満
2798,ワイズテーブルコーポレーション,東S,9856,98.56,0,7,07_100億未満
2801,キッコーマン,東P,1405653,14056.53,1,2,02_1兆以上_10兆未満
2802,味ノ素,東P,5004051,50040.51,5,2,02_1兆以上_10兆未満
2804,ブルドックソース,東P,22349,223.49,0,6,06_100億以上_500億未満
2805,エスビー食品,東S,134860,1348.6,0,4,04_1000億以上_5000億未満
2806,ユタカフーズ,東S,17002,170.02,0,6,06_100億以上_500億未満
2809,キユーピー,東P,563878,5638.78,1,3,03_5000億以上_1兆未満
280A,TMH,東G,9273,92.73,0,7,07_100億未満
2810,ハウス食品グループ本社,東P,317463,3174.63,0,4,04_1000億以上_5000億未満
2811,カゴメ,東P,228971,2289.71,0,4,04_1000億以上_5000億未満
2813,和弘食品,東S,10993,109.93,0,6,06_100億以上_500億未満
2814,佐藤食品工業,東S,22649,226.49,0,6,06_100億以上_500億未満
2815,アリアケジャパン,東P,169621,1696.21,0,4,04_1000億以上_5000億未満
2816,ダイショー,東S,13816,138.16,0,6,06_100億以上_500億未満
2818,ピエトロ,東S,12161,121.61,0,6,06_100億以上_500億未満
2819,エバラ食品工業,東S,23241,232.41,0,6,06_100億以上_500億未満
281A,インフォメティス,東G,3904,39.04,0,7,07_100億未満
2820,ヤマミ,東S,29194,291.94,0,6,06_100億以上_500億未満
2831,ハゴロモフーズ,東S,35777,357.77,0,6,06_100億以上_500億未満
285A,キオクシアHLDG,東P,42024411,420244.11,42,1,01_10兆以上
286A,ユカリア,東G,25297,252.97,0,6,06_100億以上_500億未満
2871,ニチレイ,東P,494568,4945.68,0,4,04_1000億以上_5000億未満
2872,セイヒョー,東S,3467,34.67,0,7,07_100億未満
2874,横浜冷凍,東P,134554,1345.54,0,4,04_1000億以上_5000億未満
2875,東洋水産,東P,1117126,11171.26,1,2,02_1兆以上_10兆未満
2876,デルソーレ,東S,4052,40.52,0,7,07_100億未満
2877,日東ベスト,東S,8871,88.71,0,7,07_100億未満
287A,黒田グループ,東S,46963,469.63,0,6,06_100億以上_500億未満
2882,イートアンドHLDG,東P,22149,221.49,0,6,06_100億以上_500億未満
2883,大冷,東S,11872,118.72,0,6,06_100億以上_500億未満
2884,ヨシムラ･フード･HLDG,東P,14835,148.35,0,6,06_100億以上_500億未満
288A,ラクサス･テクノロジーズ,東G,2535,25.35,0,7,07_100億未満
2892,日本食品化工,東S,19796,197.96,0,6,06_100億以上_500億未満
2894,石井食品,東S,5904,59.04,0,7,07_100億未満
2897,日清食品HLDG,東P,767917,7679.17,1,3,03_5000億以上_1兆未満
2901,ウェルディッシュ,東S,5606,56.06,0,7,07_100億未満
2903,シノブフーズ,東S,18312,183.12,0,6,06_100億以上_500億未満
2904,一正蒲鉾,東S,14389,143.89,0,6,06_100億以上_500億未満
2907,アジカン,東S,10487,104.87,0,6,06_100億以上_500億未満
2908,フジッコ,東P,44175,441.75,0,6,06_100億以上_500億未満
290A,Synspective,東G,188605,1886.05,0,4,04_1000億以上_5000億未満
2910,ロック･フィールド,東P,33084,330.84,0,6,06_100億以上_500億未満
2911,旭松食品,東S,4174,41.74,0,7,07_100億未満
2914,日本タバコ産業,東P,12050000,120500,12,1,01_10兆以上
2915,ケンコーマヨネーズ,東P,31173,311.73,0,6,06_100億以上_500億未満
2916,仙波糖化工業,東S,8299,82.99,0,7,07_100億未満
2917,大森屋,東S,4655,46.55,0,7,07_100億未満
2918,ワラベヤ日洋HLDG,東P,44822,448.22,0,6,06_100億以上_500億未満
291A,リスキル,東G,3566,35.66,0,7,07_100億未満
2922,ナトリ,東P,27945,279.45,0,6,06_100億以上_500億未満
2923,サトウ食品,東S,36950,369.5,0,6,06_100億以上_500億未満
2924,イフジ産業,東S,17617,176.17,0,6,06_100億以上_500億未満
2926,篠崎屋,東S,1359,13.59,0,7,07_100億未満
2927,AFCーHDアムスライフ,東S,12085,120.85,0,6,06_100億以上_500億未満
2929,ファーマフーズ,東P,18378,183.78,0,6,06_100億以上_500億未満
2930,北ノ達人,東P,17070,170.7,0,6,06_100億以上_500億未満
2931,ユーグレナ,東P,48135,481.35,0,6,06_100億以上_500億未満
2932,STIフードHLDG,東S,18454,184.54,0,6,06_100億以上_500億未満
2933,紀文食品,東P,23332,233.32,0,6,06_100億以上_500億未満
2934,ジェイフロンティア,東G,7844,78.44,0,7,07_100億未満
2935,ピックルスHLDG,東P,13759,137.59,0,6,06_100億以上_500億未満
2936,ベースフード,東G,15933,159.33,0,6,06_100億以上_500億未満
2937,サンクゼール,東G,15530,155.3,0,6,06_100億以上_500億未満
2938,オカムラ食品工業,東S,74628,746.28,0,5,05_500億以上_1000億未満
2961,日本調理機,東S,5678,56.78,0,7,07_100億未満
2962,テクニスコ,東S,12172,121.72,0,6,06_100億以上_500億未満
296A,令和アカウンティング･HLDG,東G,27938,279.38,0,6,06_100億以上_500億未満
2970,GLC GROUP,東S,19712,197.12,0,6,06_100億以上_500億未満
2975,スター･マイカ･HLDG,東P,54975,549.75,0,5,05_500億以上_1000億未満
2978,ツクルバ,東G,4449,44.49,0,7,07_100億未満
297A,アルピコHLDG,東S,14863,148.63,0,6,06_100億以上_500億未満
2980,SRE HLDG,東P,40206,402.06,0,6,06_100億以上_500億未満
2981,ランディックス,東G,11224,112.24,0,6,06_100億以上_500億未満
2982,ADワークスグループ,東P,19417,194.17,0,6,06_100億以上_500億未満
2983,アールプランナー,東G,14579,145.79,0,6,06_100億以上_500億未満
2984,ヤマイチエステート,東S,6148,61.48,0,7,07_100億未満
2986,LA HLDG,東G,61363,613.63,0,5,05_500億以上_1000億未満
298A,GVA TECH,東G,1271,12.71,0,7,07_100億未満
2991,ランドネット,東S,13415,134.15,0,6,06_100億以上_500億未満
2993,長栄,東S,9085,90.85,0,7,07_100億未満
2997,ストレージ王,東G,1745,17.45,0,7,07_100億未満
2998,クリアル,東G,15148,151.48,0,6,06_100億以上_500億未満
2999,ホームポジション,東S,5280,52.8,0,7,07_100億未満
299A,クラシル,東G,41347,413.47,0,6,06_100億以上_500億未満
3001,片倉工業,東S,85115,851.15,0,5,05_500億以上_1000億未満
3002,グンゼ,東P,116240,1162.4,0,4,04_1000億以上_5000億未満
3003,ヒューリック,東P,1252841,12528.41,1,2,02_1兆以上_10兆未満
3004,神栄,東S,8641,86.41,0,7,07_100億未満
300A,MIC,東S,19570,195.7,0,6,06_100億以上_500億未満
3010,ポラリス･HLDG,東S,37894,378.94,0,6,06_100億以上_500億未満
3011,バナーズ,東S,3096,30.96,0,7,07_100億未満
3020,アプライド,東S,10907,109.07,0,6,06_100億以上_500億未満
3021,パシフィックネット,東S,8886,88.86,0,7,07_100億未満
3023,ラサ商事,東S,19535,195.35,0,6,06_100億以上_500億未満
3024,クリエイト,東S,3933,39.33,0,7,07_100億未満
3028,アルペン,東P,78126,781.26,0,5,05_500億以上_1000億未満
302A,ビースタイルHLDG,東G,1603,16.03,0,7,07_100億未満
3030,ハブ,東S,11650,116.5,0,6,06_100億以上_500億未満
3031,ラクーンHLDG,東P,13182,131.82,0,6,06_100億以上_500億未満
3034,クオールHLDG,東P,71581,715.81,0,5,05_500億以上_1000億未満
3035,ケイティケイ,東S,4408,44.08,0,7,07_100億未満
3036,アルコニックス,東P,72802,728.02,0,5,05_500億以上_1000億未満
3038,神戸物産,東P,701784,7017.84,1,3,03_5000億以上_1兆未満
303A,visumo,東G,1237,12.37,0,7,07_100億未満
3040,ソリトンシステムズ,東P,43090,430.9,0,6,06_100億以上_500億未満
3041,ビューティカダンHLDG,東S,2858,28.58,0,7,07_100億未満
3042,セキュアヴェイル,東S,2153,21.53,0,7,07_100億未満
3045,カワサキ,東S,4253,42.53,0,7,07_100億未満
3046,ジンズHLDG,東P,191360,1913.6,0,4,04_1000億以上_5000億未満
3048,ビックカメラ,東P,337534,3375.34,0,4,04_1000億以上_5000億未満
304A,フォルシア,東G,2098,20.98,0,7,07_100億未満
3050,DCM HLDG,東P,209934,2099.34,0,4,04_1000億以上_5000億未満
3053,ペッパーフードサービス,東S,11425,114.25,0,6,06_100億以上_500億未満
3054,ハイパー,東S,2334,23.34,0,7,07_100億未満
3058,三洋堂HLDG,東S,5039,50.39,0,7,07_100億未満
3059,ヒラキ,東S,3676,36.76,0,7,07_100億未満
3063,ジェイグループHLDG,東G,12720,127.2,0,6,06_100億以上_500億未満
3064,MonotaRO,東P,921505,9215.05,1,3,03_5000億以上_1兆未満
3065,ライフフーズ,東S,5908,59.08,0,7,07_100億未満
3067,東京一番フーズ,東S,4082,40.82,0,7,07_100億未満
3068,WDI,東S,18394,183.94,0,6,06_100億以上_500億未満
3069,JFLA HLDG,東S,7193,71.93,0,7,07_100億未満
3070,ジェリービーンズグループ,東G,7483,74.83,0,7,07_100億未満
3071,ストリーム,東S,2910,29.1,0,7,07_100億未満
3075,銚子丸,東S,23214,232.14,0,6,06_100億以上_500億未満
3076,アイHLDG,東P,153643,1536.43,0,4,04_1000億以上_5000億未満
3077,ホリイフードサービス,東S,5087,50.87,0,7,07_100億未満
3079,ディーブイエックス,東S,10597,105.97,0,6,06_100億以上_500億未満
3080,ジェーソン,東S,9635,96.35,0,7,07_100億未満
3082,キチリHLDG,東S,11143,111.43,0,6,06_100億以上_500億未満
3083,スターシーズ,東S,8631,86.31,0,7,07_100億未満
3086,J.フロント リテイリング,東P,594162,5941.62,1,3,03_5000億以上_1兆未満
3087,ドトール･日レスHLDG,東P,117582,1175.82,0,4,04_1000億以上_5000億未満
3088,マツキヨココカラ&カンパニー,東P,926929,9269.29,1,3,03_5000億以上_1兆未満
3089,テクノアルファ,東S,2851,28.51,0,7,07_100億未満
3091,ブロンコビリー,東P,61372,613.72,0,5,05_500億以上_1000億未満
3092,ZOZO,東P,918347,9183.47,1,3,03_5000億以上_1兆未満
3093,トレジャー･ファクトリー,東P,43436,434.36,0,6,06_100億以上_500億未満
3096,オーシャンシステム,東S,17820,178.2,0,6,06_100億以上_500億未満
3097,物語コーポレーション,東P,175237,1752.37,0,4,04_1000億以上_5000億未満
3099,三越伊勢丹HLDG,東P,1269895,12698.95,1,2,02_1兆以上_10兆未満
3101,東洋紡,東P,167412,1674.12,0,4,04_1000億以上_5000億未満
3103,ユニチカ,東S,68552,685.52,0,5,05_500億以上_1000億未満
3104,富士紡HLDG,東P,130287,1302.87,0,4,04_1000億以上_5000億未満
3105,日清紡HLDG,東P,401384,4013.84,0,4,04_1000億以上_5000億未満
3106,倉敷紡績,東P,163200,1632,0,4,04_1000億以上_5000億未満
3107,ダイワボウHLDG,東P,309411,3094.11,0,4,04_1000億以上_5000億未満
3109,シキボウ,東P,12760,127.6,0,6,06_100億以上_500億未満
3110,日東紡績,東P,783507,7835.07,1,3,03_5000億以上_1兆未満
3111,オーミケンシ,東S,1188,11.88,0,7,07_100億未満
3113,UNIVA･OakHLDG,東S,6623,66.23,0,7,07_100億未満
3116,トヨタ紡織,東P,419808,4198.08,0,4,04_1000億以上_5000億未満
3121,マーチャント･バンカーズ,東S,7349,73.49,0,7,07_100億未満
3123,サイボー,東S,8745,87.45,0,7,07_100億未満
3131,シンデン･ハイテックス,東S,7871,78.71,0,7,07_100億未満
3132,マクニカHLDG,東P,622455,6224.55,1,3,03_5000億以上_1兆未満
3133,海帆,東G,7986,79.86,0,7,07_100億未満
3134,Hamee,東S,6433,64.33,0,7,07_100億未満
3135,マーケットエンタープライズ,東S,6983,69.83,0,7,07_100億未満
3137,ファンデリー,東S,2446,24.46,0,7,07_100億未満
3138,富士山マガジンサービス,東S,3758,37.58,0,7,07_100億未満
3139,ラクト･ジャパン,東P,31206,312.06,0,6,06_100億以上_500億未満
3140,BRUNO,東G,15468,154.68,0,6,06_100億以上_500億未満
3143,オーウイル,東S,5982,59.82,0,7,07_100億未満
3148,クリエイトSD HLDG,東P,213488,2134.88,0,4,04_1000億以上_5000億未満
3150,グリムス,東P,55708,557.08,0,5,05_500億以上_1000億未満
3151,バイタルケーエスケーHLDG,東P,79827,798.27,0,5,05_500億以上_1000億未満
3153,八洲電機,東P,60490,604.9,0,5,05_500億以上_1000億未満
3154,メディアスHLDG,東P,19080,190.8,0,6,06_100億以上_500億未満
3156,レスター,東P,128410,1284.1,0,4,04_1000億以上_5000億未満
3157,ジオリーブグループ,東S,19315,193.15,0,6,06_100億以上_500億未満
3159,丸善CHI HLDG,東S,32486,324.86,0,6,06_100億以上_500億未満
3160,大光,東S,8424,84.24,0,7,07_100億未満
3161,アゼアス,東S,3925,39.25,0,7,07_100億未満
3166,OCHI HLDG,東S,18497,184.97,0,6,06_100億以上_500億未満
3167,TOKAI HLDG,東P,149287,1492.87,0,4,04_1000億以上_5000億未満
3168,MERF,東S,23570,235.7,0,6,06_100億以上_500億未満
3169,ミサワ,東S,4730,47.3,0,7,07_100億未満
3172,ティーライフ,東S,4906,49.06,0,7,07_100億未満
3173,Cominix,東S,6553,65.53,0,7,07_100億未満
3174,ハピネス･アンド･ディ,東S,1656,16.56,0,7,07_100億未満
3175,エー･ピーHLDG,東S,11814,118.14,0,6,06_100億以上_500億未満
3176,三洋貿易,東P,43483,434.83,0,6,06_100億以上_500億未満
3177,アリガトウサービス,東S,3085,30.85,0,7,07_100億未満
3178,チムニー,東S,20250,202.5,0,6,06_100億以上_500億未満
3179,シュッピン,東P,22208,222.08,0,6,06_100億以上_500億未満
3180,ビューティガレージ,東P,17636,176.36,0,6,06_100億以上_500億未満
3181,買取王国,東S,3504,35.04,0,7,07_100億未満
3182,オイシックス･ラ･大地,東P,53895,538.95,0,5,05_500億以上_1000億未満
3183,ウイン･パートナーズ,東P,36238,362.38,0,6,06_100億以上_500億未満
3184,ICDA HLDG,東S,9219,92.19,0,7,07_100億未満
3185,夢展望,東G,3214,32.14,0,7,07_100億未満
3186,ネクステージ,東P,300967,3009.67,0,4,04_1000億以上_5000億未満
3187,ミラタップ,東G,4535,45.35,0,7,07_100億未満
3189,ANAP HLDG,東S,4900,49,0,7,07_100億未満
3190,ホットマン,東S,4191,41.91,0,7,07_100億未満
3191,ジョイフル本田,東P,139369,1393.69,0,4,04_1000億以上_5000億未満
3192,白鳩,東S,2221,22.21,0,7,07_100億未満
3193,エターナルホスピタリティグルー,東P,31159,311.59,0,6,06_100億以上_500億未満
3195,ジェネレーションパス,東S,3397,33.97,0,7,07_100億未満
3196,ホットランドHLDG,東P,42120,421.2,0,6,06_100億以上_500億未満
3197,スカイラークHLDG,東P,601402,6014.02,1,3,03_5000億以上_1兆未満
3198,SFP HLDG,東P,50327,503.27,0,5,05_500億以上_1000億未満
3199,綿半HLDG,東P,26146,261.46,0,6,06_100億以上_500億未満
319A,技術承継機構,東G,139855,1398.55,0,4,04_1000億以上_5000億未満
3201,日本毛織,東P,129171,1291.71,0,4,04_1000億以上_5000億未満
3202,ダイトウボウ,東S,3947,39.47,0,7,07_100億未満
3204,トーア紡コーポレーション,東S,4542,45.42,0,7,07_100億未満
3205,ダイドーリミテッド,東S,22102,221.02,0,6,06_100億以上_500億未満
3221,ヨシックスHLDG,東P,31601,316.01,0,6,06_100億以上_500億未満
3222,ユナイテッド･スーパーマーケッ,東S,172285,1722.85,0,4,04_1000億以上_5000億未満
3223,エスエルディー,東S,1424,14.24,0,7,07_100億未満
3224,ゼネラル･オイスター,東G,3914,39.14,0,7,07_100億未満
3231,野村不動産HLDG,東P,813468,8134.68,1,3,03_5000億以上_1兆未満
3232,三重交通グループHLDG,東P,55797,557.97,0,5,05_500億以上_1000億未満
3236,プロパスト,東S,9103,91.03,0,7,07_100億未満
3237,イントランス,東G,3305,33.05,0,7,07_100億未満
3238,セントラル総合開発,東S,3505,35.05,0,7,07_100億未満
323A,フライヤー,東G,1340,13.4,0,7,07_100億未満
3241,ウィル,東S,6455,64.55,0,7,07_100億未満
3242,アーバネットコーポレーション,東S,19200,192,0,6,06_100億以上_500億未満
3245,ディア･ライフ,東P,49871,498.71,0,6,06_100億以上_500億未満
3246,コーセーアールイー,東S,6521,65.21,0,7,07_100億未満
3248,アールエイジ,東S,2745,27.45,0,7,07_100億未満
324A,ブッキングリゾート,東G,4732,47.32,0,7,07_100億未満
3252,地主,東P,60287,602.87,0,5,05_500億以上_1000億未満
325A,TENTIAL,東G,29943,299.43,0,6,06_100億以上_500億未満
3261,グランディーズ,東G,1595,15.95,0,7,07_100億未満
3266,ファンドクリエーショングループ,東S,3053,30.53,0,7,07_100億未満
3267,フィル･カンパニー,東S,3660,36.6,0,7,07_100億未満
3271,THEグローバル社,東S,35920,359.2,0,6,06_100億以上_500億未満
3276,JPMC,東P,22901,229.01,0,6,06_100億以上_500億未満
3277,サンセイランディック,東S,10585,105.85,0,6,06_100億以上_500億未満
3280,エストラスト,東S,6007,60.07,0,7,07_100億未満
3284,フージャースHLDG,東P,47155,471.55,0,6,06_100億以上_500億未満
3286,トラストHLDG,東S,5517,55.17,0,7,07_100億未満
3288,オープンハウスグループ,東P,954198,9541.98,1,3,03_5000億以上_1兆未満
3289,東急不動産HLDG,東P,914905,9149.05,1,3,03_5000億以上_1兆未満
3291,飯田グループHLDG,東P,592721,5927.21,1,3,03_5000億以上_1兆未満
3293,アズマハウス,東S,6152,61.52,0,7,07_100億未満
3294,イーグランド,東S,30811,308.11,0,6,06_100億以上_500億未満
3297,東武住販,東S,3068,30.68,0,7,07_100億未満
3299,ムゲンエステート,東S,39928,399.28,0,6,06_100億以上_500億未満
3300,アンビション DX HLDG,東G,15595,155.95,0,6,06_100億以上_500億未満
3302,帝国繊維,東P,89787,897.87,0,5,05_500億以上_1000億未満
3306,日本製麻,東S,2683,26.83,0,7,07_100億未満
330A,TalentX,東G,2317,23.17,0,7,07_100億未満
3315,日本コークス工業,東P,29026,290.26,0,6,06_100億以上_500億未満
3317,フライングガーデン,東S,3913,39.13,0,7,07_100億未満
331A,メディックス,東S,3814,38.14,0,7,07_100億未満
3320,クロスプラス,東S,10058,100.58,0,6,06_100億以上_500億未満
3321,ミタチ産業,東S,14341,143.41,0,6,06_100億以上_500億未満
3323,レカム,東S,5787,57.87,0,7,07_100億未満
3326,ランシステム,東S,2532,25.32,0,7,07_100億未満
3329,東和フードサービス,東S,16324,163.24,0,6,06_100億以上_500億未満
332A,ミーク,東G,11572,115.72,0,6,06_100億以上_500億未満
3333,アサヒ,東P,32880,328.8,0,6,06_100億以上_500億未満
3349,コスモス薬品,東P,460889,4608.89,0,4,04_1000億以上_5000億未満
334A,ビジュアル･プロセッシング･ジ,東G,2971,29.71,0,7,07_100億未満
3350,メタプラネット,東S,315196,3151.96,0,4,04_1000億以上_5000億未満
3352,バッファロー,東S,3875,38.75,0,7,07_100億未満
3353,メディカル一光グループ,東S,10251,102.51,0,6,06_100億以上_500億未満
3355,クリヤマHLDG,東S,35613,356.13,0,6,06_100億以上_500億未満
3358,Trailhead Globa,東S,3318,33.18,0,7,07_100億未満
3359,cotta,東G,5488,54.88,0,7,07_100億未満
335A,ミライロ,東G,4144,41.44,0,7,07_100億未満
3360,シップヘルスケアHLDG,東P,189644,1896.44,0,4,04_1000億以上_5000億未満
3361,トーエル,東S,17606,176.06,0,6,06_100億以上_500億未満
336A,ダイナミックマッププラットフォ,東G,20805,208.05,0,6,06_100億以上_500億未満
3370,フジタコーポレーション,東S,1733,17.33,0,7,07_100億未満
3371,ソフトクリエイトHLDG,東P,45513,455.13,0,6,06_100億以上_500億未満
3372,関門海,東S,3066,30.66,0,7,07_100億未満
3374,内外テック,東S,10617,106.17,0,6,06_100億以上_500億未満
3375,ZOA,東S,2373,23.73,0,7,07_100億未満
3377,バイク王&カンパニー,東S,5667,56.67,0,7,07_100億未満
3382,セブン&アイHLDG,東P,4815824,48158.24,5,2,02_1兆以上_10兆未満
3386,コスモ･バイオ,東S,7409,74.09,0,7,07_100億未満
3387,クリエイト･レストランツHLD,東P,293684,2936.84,0,4,04_1000億以上_5000億未満
3388,明治電機工業,東P,25978,259.78,0,6,06_100億以上_500億未満
338A,ZenmuTech,東G,5726,57.26,0,7,07_100億未満
3391,ツルハHLDG,東P,891905,8919.05,1,3,03_5000億以上_1兆未満
3392,デリカフーズHLDG,東S,13114,131.14,0,6,06_100億以上_500億未満
3393,スターティアHLDG,東P,28970,289.7,0,6,06_100億以上_500億未満
3395,サンマルクHLDG,東P,55380,553.8,0,5,05_500億以上_1000億未満
3396,フェリシモ,東S,7921,79.21,0,7,07_100億未満
3397,トリドールHLDG,東P,331086,3310.86,0,4,04_1000億以上_5000億未満
3399,丸千代山岡家,東S,62048,620.48,0,5,05_500億以上_1000億未満
339A,プログレス･テクノロジーズ,東G,7565,75.65,0,7,07_100億未満
3401,帝人,東P,321873,3218.73,0,4,04_1000億以上_5000億未満
3402,東レ,東P,1663204,16632.04,2,2,02_1兆以上_10兆未満
3405,クラレ,東P,494442,4944.42,0,4,04_1000億以上_5000億未満
3407,旭化成,東P,2439233,24392.33,2,2,02_1兆以上_10兆未満
3409,北紡,東S,3020,30.2,0,7,07_100億未満
340A,ジグザグ,東G,2676,26.76,0,7,07_100億未満
3415,TOKYO BASE,東P,14595,145.95,0,6,06_100億以上_500億未満
3416,ピクスタ,東S,1814,18.14,0,7,07_100億未満
3417,大木ヘルスケアHLDG,東S,15029,150.29,0,6,06_100億以上_500億未満
3418,バルニバービ,東G,11993,119.93,0,6,06_100億以上_500億未満
341A,トヨコー,東G,28244,282.44,0,6,06_100億以上_500億未満
3420,ケー･エフ･シー,東S,11104,111.04,0,6,06_100億以上_500億未満
3421,稲葉製作所,東S,28768,287.68,0,6,06_100億以上_500億未満
3422,J−MAX,東S,5798,57.98,0,7,07_100億未満
3423,エスイー,東S,8502,85.02,0,7,07_100億未満
3426,アトムリビンテック,東S,5373,53.73,0,7,07_100億未満
3431,宮地エンジニアリンググループ,東P,41074,410.74,0,6,06_100億以上_500億未満
3433,トーカロ,東P,192474,1924.74,0,4,04_1000億以上_5000億未満
3434,アルファCo,東S,12230,122.3,0,6,06_100億以上_500億未満
3435,サンコーテクノ,東S,11701,117.01,0,6,06_100億以上_500億未満
3436,SUMCO,東P,1528864,15288.64,2,2,02_1兆以上_10兆未満
3437,特殊電極,東S,4422,44.22,0,7,07_100億未満
3439,三ツ知,東S,3548,35.48,0,7,07_100億未満
343A,IACEトラベル,東S,5593,55.93,0,7,07_100億未満
3440,日創グループ,東S,6320,63.2,0,7,07_100億未満
3441,山王,東S,13900,139,0,6,06_100億以上_500億未満
3443,川田テクノロジーズ,東P,63536,635.36,0,5,05_500億以上_1000億未満
3444,菊池製作所,東S,12955,129.55,0,6,06_100億以上_500億未満
3445,RS Technologies,東P,202406,2024.06,0,4,04_1000億以上_5000億未満
3446,ジェイテックコーポレーション,東S,9809,98.09,0,7,07_100億未満
3447,信和,東S,12241,122.41,0,6,06_100億以上_500億未満
3449,テクノフレックス,東S,169598,1695.98,0,4,04_1000億以上_5000億未満
3452,ビーロット,東S,27024,270.24,0,6,06_100億以上_500億未満
3454,ファーストブラザーズ,東S,17233,172.33,0,6,06_100億以上_500億未満
3457,And DoHLDG,東P,19849,198.49,0,6,06_100億以上_500億未満
3461,パルマ,東S,3775,37.75,0,7,07_100億未満
3465,ケイアイスター不動産,東P,113460,1134.6,0,4,04_1000億以上_5000億未満
3467,アグレ都市デザイン,東S,13700,137,0,6,06_100億以上_500億未満
3469,デュアルタップ,東S,4510,45.1,0,7,07_100億未満
3474,GーFACTORY,東G,3659,36.59,0,7,07_100億未満
3475,グッドコムアセット,東P,40714,407.14,0,6,06_100億以上_500億未満
3477,フォーライフ,東G,3144,31.44,0,7,07_100億未満
3479,TKP,東G,62619,626.19,0,5,05_500億以上_1000億未満
3480,ジェイ･エス･ビー,東P,143407,1434.07,0,4,04_1000億以上_5000億未満
3482,ロードスターキャピタル,東P,57834,578.34,0,5,05_500億以上_1000億未満
3484,イノベーションHLDG,東S,18629,186.29,0,6,06_100億以上_500億未満
3486,グローバル･リンク･マネジメン,東P,27098,270.98,0,6,06_100億以上_500億未満
3489,フェイスネットワーク,東S,20378,203.78,0,6,06_100億以上_500億未満
3490,アズ企画設計,東S,4271,42.71,0,7,07_100億未満
3491,GA technologies,東G,60266,602.66,0,5,05_500億以上_1000億未満
3494,マリオン,東S,2596,25.96,0,7,07_100億未満
3495,香陵住販,東S,6649,66.49,0,7,07_100億未満
3496,アズーム,東P,48911,489.11,0,6,06_100億以上_500億未満
3498,霞ヶ関キャピタル,東P,136463,1364.63,0,4,04_1000億以上_5000億未満
3501,SUMINOE,東P,16517,165.17,0,6,06_100億以上_500億未満
350A,デジタルグリッド,東G,32441,324.41,0,6,06_100億以上_500億未満
3512,日本フエルト,東S,15848,158.48,0,6,06_100億以上_500億未満
3513,イチカワ,東S,14892,148.92,0,6,06_100億以上_500億未満
3521,テルマー湯HLDG,東S,3838,38.38,0,7,07_100億未満
3524,日東製網,東S,3746,37.46,0,7,07_100億未満
3529,アツギ,東S,17372,173.72,0,6,06_100億以上_500億未満
352A,LOIVE,東G,6500,65,0,7,07_100億未満
3536,アクサスHLDG,東S,3942,39.42,0,7,07_100億未満
3537,昭栄薬品,東S,5727,57.27,0,7,07_100億未満
3538,ウイルプラスHLDG,東S,9468,94.68,0,7,07_100億未満
3539,JM HLDG,東P,62883,628.83,0,5,05_500億以上_1000億未満
3542,ベガコーポレーション,東G,14781,147.81,0,6,06_100億以上_500億未満
3543,コメダHLDG,東P,123683,1236.83,0,4,04_1000億以上_5000億未満
3544,サツドラHLDG,東S,11816,118.16,0,6,06_100億以上_500億未満
3546,アレンザHLDG,東P,43871,438.71,0,6,06_100億以上_500億未満
3547,ユニシアHLDG,東S,17212,172.12,0,6,06_100億以上_500億未満
3548,バロックジャパンリミテッド,東P,26150,261.5,0,6,06_100億以上_500億未満
3549,クスリノアオキHLDG,東P,340588,3405.88,0,4,04_1000億以上_5000億未満
3550,スタジオアタオ,東G,3088,30.88,0,7,07_100億未満
3551,ダイニック,東S,11133,111.33,0,6,06_100億以上_500億未満
3553,共和レザー,東S,20727,207.27,0,6,06_100億以上_500億未満
3556,リネットジャパングループ,東G,11421,114.21,0,6,06_100億以上_500億未満
3557,ユナイテッド&コレクティブ,東G,2591,25.91,0,7,07_100億未満
3558,ジェイドグループ,東G,18357,183.57,0,6,06_100億以上_500億未満
3559,ピーバンドットコム,東S,2097,20.97,0,7,07_100億未満
3560,ホボ日,東S,9554,95.54,0,7,07_100億未満
3561,力ノ源HLDG,東P,44295,442.95,0,6,06_100億以上_500億未満
3562,No.1,東S,10046,100.46,0,6,06_100億以上_500億未満
3563,FOOD & LIFE COM,東P,1142237,11422.37,1,2,02_1兆以上_10兆未満
3565,アセンテック,東S,21301,213.01,0,6,06_100億以上_500億未満
3566,ユニフォームネクスト,東G,9344,93.44,0,7,07_100億未満
3569,セーレン,東P,217492,2174.92,0,4,04_1000億以上_5000億未満
3571,ソトー,東S,9392,93.92,0,7,07_100億未満
3577,東海染工,東S,3350,33.5,0,7,07_100億未満
3580,小松マテーレ,東P,26998,269.98,0,6,06_100億以上_500億未満
3583,オーベクス,東S,3575,35.75,0,7,07_100億未満
3591,ワコールHLDG,東P,239925,2399.25,0,4,04_1000億以上_5000億未満
3597,自重堂,東S,28973,289.73,0,6,06_100億以上_500億未満
3598,山喜,東S,2362,23.62,0,7,07_100億未満
3600,フジックス,東S,2452,24.52,0,7,07_100億未満
3607,クラウディアHLDG,東S,3391,33.91,0,7,07_100億未満
3608,TSI HLDG,東P,70290,702.9,0,5,05_500億以上_1000億未満
3611,マツオカコーポレーション,東S,23942,239.42,0,6,06_100億以上_500億未満
3612,ワールド,東P,113936,1139.36,0,4,04_1000億以上_5000億未満
3622,ネットイヤーグループ,東S,3506,35.06,0,7,07_100億未満
3623,ビリングシステム,東G,6440,64.4,0,7,07_100億未満
3624,アクセルマーク,東G,1483,14.83,0,7,07_100億未満
3625,テックファームHLDG,東G,4404,44.04,0,7,07_100億未満
3626,TIS,東P,771764,7717.64,1,3,03_5000億以上_1兆未満
3627,テクミラHLDG,東S,3396,33.96,0,7,07_100億未満
3628,データホライゾン,東G,8034,80.34,0,7,07_100億未満
3632,グリーHLDG,東P,71361,713.61,0,5,05_500億以上_1000億未満
3633,GMOペパボ,東S,8996,89.96,0,7,07_100億未満
3634,ソケッツ,東S,1397,13.97,0,7,07_100億未満
3635,コーエーテクモHLDG,東P,487509,4875.09,0,4,04_1000億以上_5000億未満
3636,三菱総合研究所,東P,74845,748.45,0,5,05_500億以上_1000億未満
3639,ボルテージ,東S,1413,14.13,0,7,07_100億未満
3640,電算,東S,13145,131.45,0,6,06_100億以上_500億未満
3641,パピレス,東S,9335,93.35,0,7,07_100億未満
3645,メディカルネット,東G,2618,26.18,0,7,07_100億未満
3646,駅探,東S,1872,18.72,0,7,07_100億未満
3647,アスリナ,東S,2577,25.77,0,7,07_100億未満
3648,AGS,東S,17433,174.33,0,6,06_100億以上_500億未満
3649,ファインデックス,東P,21713,217.13,0,6,06_100億以上_500億未満
3652,ディジタルメディアプロ,東G,10230,102.3,0,6,06_100億以上_500億未満
3653,モルフォ,東G,3487,34.87,0,7,07_100億未満
3656,KLab,東P,19108,191.08,0,6,06_100億以上_500億未満
3657,ポールトゥウィンHLDG,東P,10951,109.51,0,6,06_100億以上_500億未満
3659,ネクソン,東P,1748701,17487.01,2,2,02_1兆以上_10兆未満
365A,伊澤タオル,東S,7120,71.2,0,7,07_100億未満
3660,アイスタイル,東P,38601,386.01,0,6,06_100億以上_500億未満
3661,エムアップHLDG,東P,46277,462.77,0,6,06_100億以上_500億未満
3662,エイチームHLDG,東P,17400,174,0,6,06_100億以上_500億未満
3663,セルシス,東P,55912,559.12,0,5,05_500億以上_1000億未満
3664,WIZE,東G,1777,17.77,0,7,07_100億未満
3665,エニグモ,東P,14925,149.25,0,6,06_100億以上_500億未満
3667,enish,東S,1596,15.96,0,7,07_100億未満
3668,コロプラ,東P,49401,494.01,0,6,06_100億以上_500億未満
366A,ウェルネス･コミュニケーション,東G,12937,129.37,0,6,06_100億以上_500億未満
3670,協立情報通信,東S,1978,19.78,0,7,07_100億未満
3671,ソフトマックス,東S,6830,68.3,0,7,07_100億未満
3672,オルトプラス,東S,2473,24.73,0,7,07_100億未満
3673,ブロードリーフ,東P,84191,841.91,0,5,05_500億以上_1000億未満
3674,オークファン,東G,3514,35.14,0,7,07_100億未満
3675,クロス･マーケティンググループ,東S,11203,112.03,0,6,06_100億以上_500億未満
3676,デジタルハーツHLDG,東P,17249,172.49,0,6,06_100億以上_500億未満
3678,メディアドゥ,東P,19828,198.28,0,6,06_100億以上_500億未満
3679,ジゲン,東P,42020,420.2,0,6,06_100億以上_500億未満
367A,プリモグローバルHLDG,東S,23267,232.67,0,6,06_100億以上_500億未満
3680,ホットリンク,東G,3688,36.88,0,7,07_100億未満
3681,ブイキューブ,東P,580,5.8,0.00058,7,07_100億未満
3682,エンカレッジ･テクノロジ,東S,3995,39.95,0,7,07_100億未満
3683,サイバーリンクス,東S,12062,120.62,0,6,06_100億以上_500億未満
3686,ディー･エル･イー,東S,3693,36.93,0,7,07_100億未満
3687,フィックスターズ,東P,107632,1076.32,0,4,04_1000億以上_5000億未満
368A,北里,東P,48320,483.2,0,6,06_100億以上_500億未満
3690,イルグルム,東S,3263,32.63,0,7,07_100億未満
3691,デジタルプラス,東G,5949,59.49,0,7,07_100億未満
3692,FFRIセキュリティ,東G,41196,411.96,0,6,06_100億以上_500億未満
3694,オプティム,東P,26316,263.16,0,6,06_100億以上_500億未満
3695,GMOプロダクトプラットフォー,東G,7372,73.72,0,7,07_100億未満
3696,セレス,東P,21096,210.96,0,6,06_100億以上_500億未満
3697,SHIFT,東P,185271,1852.71,0,4,04_1000億以上_5000億未満
3698,CRI･ミドルウェア,東S,5790,57.9,0,7,07_100億未満
369A,エータイ,東G,8588,85.88,0,7,07_100億未満
3708,特種東海製紙,東P,67743,677.43,0,5,05_500億以上_1000億未満
3710,ジョルダン,東S,3206,32.06,0,7,07_100億未満
3712,情報企画,東S,19428,194.28,0,6,06_100億以上_500億未満
3719,AIストーム,東S,7938,79.38,0,7,07_100億未満
3723,日本ファルコム,東G,23397,233.97,0,6,06_100億以上_500億未満
3726,フォーシーズHD,東S,4246,42.46,0,7,07_100億未満
3727,アプリックス,東G,5992,59.92,0,7,07_100億未満
372A,レント,東S,18556,185.56,0,6,06_100億以上_500億未満
3733,ソフトウェア･サービス,東S,60588,605.88,0,5,05_500億以上_1000億未満
373A,リップス,東G,3897,38.97,0,7,07_100億未満
3741,セック,東P,38400,384,0,6,06_100億以上_500億未満
3744,サイオス,東S,4570,45.7,0,7,07_100億未満
3747,インタートレード,東S,3127,31.27,0,7,07_100億未満
3750,ADR120S,東S,7126,71.26,0,7,07_100億未満
3753,フライトソリューションズ,東S,2217,22.17,0,7,07_100億未満
3758,アエリア,東S,4802,48.02,0,7,07_100億未満
3760,ケイブ,東S,4151,41.51,0,7,07_100億未満
3762,テクマトリックス,東P,82315,823.15,0,5,05_500億以上_1000億未満
3763,プロシップ,東P,52514,525.14,0,5,05_500億以上_1000億未満
3765,ガンホー･オンライン,東P,150979,1509.79,0,4,04_1000億以上_5000億未満
3766,システムズ･デザイン,東S,4312,43.12,0,7,07_100億未満
3768,リスクモンスター,東S,4124,41.24,0,7,07_100億未満
3769,GMOペイメントゲートウェイ,東P,604805,6048.05,1,3,03_5000億以上_1兆未満
3771,システムリサーチ,東P,29210,292.1,0,6,06_100億以上_500億未満
3772,ウェルス･マネジメント,東S,20254,202.54,0,6,06_100億以上_500億未満
3773,アドバンスト･メディア,東G,19791,197.91,0,6,06_100億以上_500億未満
3774,インターネットイニシアティブ,東P,587292,5872.92,1,3,03_5000億以上_1兆未満
3776,ブロードバンドタワー,東S,16467,164.67,0,6,06_100億以上_500億未満
3777,環境フレンドリーHLDG,東G,16491,164.91,0,6,06_100億以上_500億未満
3778,サクラインターネット,東P,122530,1225.3,0,4,04_1000億以上_5000億未満
3779,ジェイ･エスコムHLDG,東S,1654,16.54,0,7,07_100億未満
3787,テクノマセマティカル,東S,669,6.69,0.000669,7,07_100億未満
3788,GMOグローバルサイン･HLD,東P,22287,222.87,0,6,06_100億以上_500億未満
378A,ヒット,東G,13787,137.87,0,6,06_100億以上_500億未満
3791,IGポート,東S,24286,242.86,0,6,06_100億以上_500億未満
3793,ドリコム,東G,11955,119.55,0,6,06_100億以上_500億未満
3796,イイ生活,東S,3873,38.73,0,7,07_100億未満
3798,ULSグループ,東S,33013,330.13,0,6,06_100億以上_500億未満
3799,キーウェアソリューションズ,東S,8828,88.28,0,7,07_100億未満
3800,ユニリタ,東S,15632,156.32,0,6,06_100億以上_500億未満
3802,エコミック,東S,2182,21.82,0,7,07_100億未満
3803,イメージ情報開発,東G,1975,19.75,0,7,07_100億未満
3804,システム ディ,東S,8928,89.28,0,7,07_100億未満
3807,フィスコ,東G,4499,44.99,0,7,07_100億未満
3810,サイバーステップ HLDG,東S,13843,138.43,0,6,06_100億以上_500億未満
3815,メディア工房,東G,4949,49.49,0,7,07_100億未満
3816,大和コンピューター,東S,4522,45.22,0,7,07_100億未満
3817,SRA HLDG,東P,68428,684.28,0,5,05_500億以上_1000億未満
3823,THE WHY HOW DO,東S,4688,46.88,0,7,07_100億未満
3825,リミックスポイント,東S,23847,238.47,0,6,06_100億以上_500億未満
3826,システムインテグレータ,東S,4897,48.97,0,7,07_100億未満
3834,朝日ネット,東P,19104,191.04,0,6,06_100億以上_500億未満
3835,eBASE,東P,18300,183,0,6,06_100億以上_500億未満
3836,アバントグループ,東P,39899,398.99,0,6,06_100億以上_500億未満
3837,アドソル日進,東P,23341,233.41,0,6,06_100億以上_500億未満
3839,ODKソリューションズ,東S,5092,50.92,0,7,07_100億未満
3840,パス,東S,4465,44.65,0,7,07_100億未満
3841,ジーダット,東S,4641,46.41,0,7,07_100億未満
3842,ネクストジェン,東S,3000,30,0,7,07_100億未満
3843,フリービット,東P,32850,328.5,0,6,06_100億以上_500億未満
3844,コムチュア,東P,42462,424.62,0,6,06_100億以上_500億未満
3845,アイフリークモバイル,東S,5338,53.38,0,7,07_100億未満
3848,データ･アプリケーション,東S,6495,64.95,0,7,07_100億未満
3850,エヌ･ティ･ティ･データ･イン,東S,12992,129.92,0,6,06_100億以上_500億未満
3851,日本一ソフトウェア,東S,4239,42.39,0,7,07_100億未満
3853,アステリア,東P,34755,347.55,0,6,06_100億以上_500億未満
3854,アイル,東P,61980,619.8,0,5,05_500億以上_1000億未満
3856,Abalance,東S,9536,95.36,0,7,07_100億未満
3858,ユビキタスAI,東S,3849,38.49,0,7,07_100億未満
3861,王子HLDG,東P,707732,7077.32,1,3,03_5000億以上_1兆未満
3863,日本製紙,東P,138111,1381.11,0,4,04_1000億以上_5000億未満
3864,三菱製紙,東P,46531,465.31,0,6,06_100億以上_500億未満
3865,北越コーポレーション,東P,147074,1470.74,0,4,04_1000億以上_5000億未満
386A,ミノヤ,東S,4834,48.34,0,7,07_100億未満
3877,中越パルプ工業,東P,26335,263.35,0,6,06_100億以上_500億未満
3878,巴川,東S,8634,86.34,0,7,07_100億未満
387A,フラー,東G,1478,14.78,0,7,07_100億未満
3880,大王製紙,東P,151267,1512.67,0,4,04_1000億以上_5000億未満
3891,ニッポン高度紙工業,東S,89546,895.46,0,5,05_500億以上_1000億未満
3892,岡山製紙,東S,9757,97.57,0,7,07_100億未満
3895,ハビックス,東S,3385,33.85,0,7,07_100億未満
3896,阿波製紙,東S,4039,40.39,0,7,07_100億未満
3900,クラウドワークス,東G,9324,93.24,0,7,07_100億未満
3901,マークラインズ,東P,16721,167.21,0,6,06_100億以上_500億未満
3903,gumi,東P,14498,144.98,0,6,06_100億以上_500億未満
3904,カヤック,東G,6379,63.79,0,7,07_100億未満
3905,データセクション,東G,181562,1815.62,0,4,04_1000億以上_5000億未満
3907,シリコンスタジオ,東S,3589,35.89,0,7,07_100億未満
3908,コラボス,東S,1498,14.98,0,7,07_100億未満
3909,ショーケース,東S,2017,20.17,0,7,07_100億未満
3910,エムケイシステム,東S,1498,14.98,0,7,07_100億未満
3911,Aiming,東G,7846,78.46,0,7,07_100億未満
3912,モバイルファクトリー,東S,8607,86.07,0,7,07_100億未満
3913,GreenBee,東S,2257,22.57,0,7,07_100億未満
3914,JIGーSAW,東G,16607,166.07,0,6,06_100億以上_500億未満
3915,テラスカイ,東P,45021,450.21,0,6,06_100億以上_500億未満
3916,デジタル･インフォメーション,東P,25609,256.09,0,6,06_100億以上_500億未満
3917,アイリッジ,東G,3390,33.9,0,7,07_100億未満
3918,PCI HLDG,東S,11884,118.84,0,6,06_100億以上_500億未満
3920,アイビーシー,東S,5734,57.34,0,7,07_100億未満
3921,ネオジャパン,東P,21610,216.1,0,6,06_100億以上_500億未満
3922,PR TIMES,東P,29281,292.81,0,6,06_100億以上_500億未満
3923,ラクス,東P,342519,3425.19,0,4,04_1000億以上_5000億未満
3925,ダブルスタンダード,東P,15780,157.8,0,6,06_100億以上_500億未満
3926,オープンドア,東S,8003,80.03,0,7,07_100億未満
3927,フーバーブレイン,東S,5201,52.01,0,7,07_100億未満
3928,マイネット,東S,2108,21.08,0,7,07_100億未満
3929,ソーシャルワイヤー,東G,3471,34.71,0,7,07_100億未満
3930,ハテナ,東G,2795,27.95,0,7,07_100億未満
3931,バリューゴルフ,東G,3249,32.49,0,7,07_100億未満
3932,アカツキ,東P,43632,436.32,0,6,06_100億以上_500億未満
3933,チエル,東S,3479,34.79,0,7,07_100億未満
3934,ベネフィットジャパン,東S,13901,139.01,0,6,06_100億以上_500億未満
3935,エディア,東S,3924,39.24,0,7,07_100億未満
3936,グローバルウェイ,東G,6504,65.04,0,7,07_100億未満
3937,Ubicom HLDG,東S,11686,116.86,0,6,06_100億以上_500億未満
3939,カナミックネットワーク,東P,23151,231.51,0,6,06_100億以上_500億未満
3940,ノムラシステムコーポレーション,東S,5510,55.1,0,7,07_100億未満
3941,レンゴー,東P,373786,3737.86,0,4,04_1000億以上_5000億未満
3943,大石産業,東S,11203,112.03,0,6,06_100億以上_500億未満
3944,古林紙工,東S,4145,41.45,0,7,07_100億未満
3945,スーパーバッグ,東S,3622,36.22,0,7,07_100億未満
3946,トーモク,東P,71274,712.74,0,5,05_500億以上_1000億未満
3947,ダイナパック,東S,20439,204.39,0,6,06_100億以上_500億未満
3948,光ビジネスフォーム,東S,6670,66.7,0,7,07_100億未満
3950,ザ･パック,東P,73252,732.52,0,5,05_500億以上_1000億未満
3951,朝日印刷,東S,19251,192.51,0,6,06_100億以上_500億未満
3953,大村紙業,東S,2629,26.29,0,7,07_100億未満
3954,昭和パックス,東S,12647,126.47,0,6,06_100億以上_500億未満
3955,イムラ,東S,8551,85.51,0,7,07_100億未満
3958,笹徳印刷,東S,3445,34.45,0,7,07_100億未満
3962,チェンジHLDG,東P,66467,664.67,0,5,05_500億以上_1000億未満
3963,シンクロ･フード,東P,9057,90.57,0,7,07_100億未満
3964,オークネット,東P,131208,1312.08,0,4,04_1000億以上_5000億未満
3965,キャピタル･アセット･プランニ,東S,4578,45.78,0,7,07_100億未満
3967,エルテス,東G,3577,35.77,0,7,07_100億未満
3968,セグエグループ,東P,20477,204.77,0,6,06_100億以上_500億未満
3969,エイトレッド,東S,9891,98.91,0,7,07_100億未満
3970,イノベーション,東S,2237,22.37,0,7,07_100億未満
3974,SCAT,東S,2803,28.03,0,7,07_100億未満
3976,シャノン,東G,2756,27.56,0,7,07_100億未満
3979,ウルル,東G,10831,108.31,0,6,06_100億以上_500億未満
3981,ビーグリー,東S,7739,77.39,0,7,07_100億未満
3983,オロ,東P,31731,317.31,0,6,06_100億以上_500億未満
3984,ユーザーローカル,東P,29204,292.04,0,6,06_100億以上_500億未満
3985,テモナ,東S,1967,19.67,0,7,07_100億未満
3986,ビーブレイクシステムズ,東S,2490,24.9,0,7,07_100億未満
3987,エコモット,東G,2799,27.99,0,7,07_100億未満
3988,SYS HLDG,東S,5762,57.62,0,7,07_100億未満
3989,シェアリングテクノロジー,東G,24112,241.12,0,6,06_100億以上_500億未満
3991,ウォンテッドリー,東G,8471,84.71,0,7,07_100億未満
3992,ニーズウェル,東P,16280,162.8,0,6,06_100億以上_500億未満
3993,PKSHA Technolog,東P,89806,898.06,0,5,05_500億以上_1000億未満
3994,マネーフォワード,東P,229269,2292.69,0,4,04_1000億以上_5000億未満
3996,サインポスト,東S,2330,23.3,0,7,07_100億未満
3997,トレードワークス,東S,15965,159.65,0,6,06_100億以上_500億未満
3998,スララネット,東G,2069,20.69,0,7,07_100億未満
4004,レゾナック･HLDG,東P,3302337,33023.37,3,2,02_1兆以上_10兆未満
4005,住友化学,東P,985796,9857.96,1,3,03_5000億以上_1兆未満
4008,住友精化,東P,82342,823.42,0,5,05_500億以上_1000億未満
4011,ヘッドウォータース,東G,14228,142.28,0,6,06_100億以上_500億未満
4012,アクシス,東S,7079,70.79,0,7,07_100億未満
4013,勤次郎,東G,13213,132.13,0,6,06_100億以上_500億未満
4014,カラダノート,東G,2853,28.53,0,7,07_100億未満
4015,ペイクラウドHLDG,東G,7529,75.29,0,7,07_100億未満
4016,MIT HLDG,東S,1900,19,0,7,07_100億未満
4017,クリーマ,東G,1423,14.23,0,7,07_100億未満
4019,スタメン,東G,5348,53.48,0,7,07_100億未満
4020,ビートレンド,東G,1481,14.81,0,7,07_100億未満
4021,日産化学,東P,1002508,10025.08,1,2,02_1兆以上_10兆未満
4022,ラサ工業,東P,98190,981.9,0,5,05_500億以上_1000億未満
4023,クレハ,東P,195774,1957.74,0,4,04_1000億以上_5000億未満
4025,多木化学,東P,50604,506.04,0,5,05_500億以上_1000億未満
4026,神島化学工業,東S,17454,174.54,0,6,06_100億以上_500億未満
4027,テイカ,東P,53711,537.11,0,5,05_500億以上_1000億未満
4028,石原産業,東P,132661,1326.61,0,4,04_1000億以上_5000億未満
402A,アクセルスペースHLDG,東G,45975,459.75,0,6,06_100億以上_500億未満
4031,片倉コープアグリ,東S,11198,111.98,0,6,06_100億以上_500億未満
4040,南海化学,東S,9007,90.07,0,7,07_100億未満
4041,日本曹達,東P,194637,1946.37,0,4,04_1000億以上_5000億未満
4042,東ソー,東P,931357,9313.57,1,3,03_5000億以上_1兆未満
4043,トクヤマ,東P,404920,4049.2,0,4,04_1000億以上_5000億未満
4044,セントラル硝子,東P,104130,1041.3,0,4,04_1000億以上_5000億未満
4045,東亞合成,東P,188352,1883.52,0,4,04_1000億以上_5000億未満
4046,大阪ソーダ,東P,239653,2396.53,0,4,04_1000億以上_5000億未満
4047,関東電化工業,東P,253490,2534.9,0,4,04_1000億以上_5000億未満
4051,GMO フィナンシャルゲート,東P,48202,482.02,0,6,06_100億以上_500億未満
4052,フィーチャ,東G,1505,15.05,0,7,07_100億未満
4053,Sun Asterisk,東P,17653,176.53,0,6,06_100億以上_500億未満
4054,日本情報クリエイト,東G,7375,73.75,0,7,07_100億未満
4055,ティアンドエスグループ,東G,15190,151.9,0,6,06_100億以上_500億未満
4056,ニューラルグループ,東G,3816,38.16,0,7,07_100億未満
4057,インターファクトリー,東G,1456,14.56,0,7,07_100億未満
4058,トヨクモ,東G,22005,220.05,0,6,06_100億以上_500億未満
4059,マグマグ,東S,1102,11.02,0,7,07_100億未満
4060,rakumo,東G,6401,64.01,0,7,07_100億未満
4061,デンカ,東P,373706,3737.06,0,4,04_1000億以上_5000億未満
4062,イビデン,東P,5678089,56780.89,6,2,02_1兆以上_10兆未満
4063,信越化学工業,東P,15167354,151673.54,15,1,01_10兆以上
4064,日本カーバイド工業,東P,30896,308.96,0,6,06_100億以上_500億未満
4068,ベイシス,東G,3328,33.28,0,7,07_100億未満
4069,BlueMeme,東G,3719,37.19,0,7,07_100億未満
4071,プラスアルファコンサルティング,東P,111064,1110.64,0,4,04_1000億以上_5000億未満
4072,電算システムHLDG,東P,31689,316.89,0,6,06_100億以上_500億未満
4073,ジィ･シィ企画,東G,1097,10.97,0,7,07_100億未満
4074,ラキール,東G,5563,55.63,0,7,07_100億未満
4075,ブレインズテクノロジー,東G,6336,63.36,0,7,07_100億未満
4076,シイエヌエス,東G,4740,47.4,0,7,07_100億未満
4078,堺化学工業,東P,82560,825.6,0,5,05_500億以上_1000億未満
407A,UNICON HLDG,東S,8678,86.78,0,7,07_100億未満
4082,第一稀元素化学工業,東P,51362,513.62,0,5,05_500億以上_1000億未満
4088,エア･ウォーター,東P,571631,5716.31,1,3,03_5000億以上_1兆未満
4091,日本酸素HD,東P,2433982,24339.82,2,2,02_1兆以上_10兆未満
4092,日本化学工業,東P,46309,463.09,0,6,06_100億以上_500億未満
4093,東邦アセチレン,東S,13693,136.93,0,6,06_100億以上_500億未満
4094,日本化学産業,東S,41290,412.9,0,6,06_100億以上_500億未満
4095,日本パーカライジング,東P,216145,2161.45,0,4,04_1000億以上_5000億未満
4097,高圧ガス工業,東P,60746,607.46,0,5,05_500億以上_1000億未満
4098,チタン工業,東S,3427,34.27,0,7,07_100億未満
4099,四国化成HLDG,東P,281332,2813.32,0,4,04_1000億以上_5000億未満
409A,オリオンビール,東P,48046,480.46,0,6,06_100億以上_500億未満
4100,戸田工業,東S,10728,107.28,0,6,06_100億以上_500億未満
4102,丸尾カルシウム,東S,3356,33.56,0,7,07_100億未満
4107,伊勢化学工業,東S,205919,2059.19,0,4,04_1000億以上_5000億未満
4109,ステラ ケミファ,東P,99894,998.94,0,5,05_500億以上_1000億未満
410A,GMO コマース,東G,5754,57.54,0,7,07_100億未満
4112,保土谷化学工業,東P,38266,382.66,0,6,06_100億以上_500億未満
4113,田岡化学工業,東S,10224,102.24,0,6,06_100億以上_500億未満
4114,日本触媒,東P,306900,3069,0,4,04_1000億以上_5000億未満
4116,大日精化工業,東P,72525,725.25,0,5,05_500億以上_1000億未満
4118,カネカ,東P,347256,3472.56,0,4,04_1000億以上_5000億未満
4119,日本ピグメントHLDG,東S,7895,78.95,0,7,07_100億未満
4120,スガイ化学工業,東S,3432,34.32,0,7,07_100億未満
4124,大阪油化工業,東S,2167,21.67,0,7,07_100億未満
4125,三和油化工業,東S,10948,109.48,0,6,06_100億以上_500億未満
414A,オーバーラップHLDG,東G,18000,180,0,6,06_100億以上_500億未満
4151,協和キリン,東P,1208697,12086.97,1,2,02_1兆以上_10兆未満
415A,GMO TECH HLDG,東G,7567,75.67,0,7,07_100億未満
4165,プレイド,東G,26366,263.66,0,6,06_100億以上_500億未満
4166,カッコ,東G,1815,18.15,0,7,07_100億未満
4167,ココペリ,東G,2217,22.17,0,7,07_100億未満
4168,ヤプリ,東G,9624,96.24,0,7,07_100億未満
4169,ENECHANGE,東G,8361,83.61,0,7,07_100億未満
416A,富士ユナイトHLDG,東S,7488,74.88,0,7,07_100億未満
4170,Kaizen Platform,東G,2217,22.17,0,7,07_100億未満
4171,グローバルインフォメーション,東S,4976,49.76,0,7,07_100億未満
4172,Hiクラテス,東S,4848,48.48,0,7,07_100億未満
4174,アピリッツ,東S,2585,25.85,0,7,07_100億未満
4175,coly,東G,11776,117.76,0,6,06_100億以上_500億未満
4176,ココナラ,東G,5918,59.18,0,7,07_100億未満
4177,I−PLUG,東G,5645,56.45,0,7,07_100億未満
4178,Sharing Innovat,東G,2007,20.07,0,7,07_100億未満
4179,ジーネクスト,東G,2162,21.62,0,7,07_100億未満
417A,ブルーゾーン HLDG,東P,360395,3603.95,0,4,04_1000億以上_5000億未満
4180,Appier Group,東P,96257,962.57,0,5,05_500億以上_1000億未満
4182,三菱瓦斯化学,東P,1117070,11170.7,1,2,02_1兆以上_10兆未満
4183,三井化学,東P,848766,8487.66,1,3,03_5000億以上_1兆未満
4186,東京応化工業,東P,1346373,13463.73,1,2,02_1兆以上_10兆未満
4187,大阪有機化学工業,東P,135357,1353.57,0,4,04_1000億以上_5000億未満
4188,三菱ケミカルグループ,東P,1578406,15784.06,2,2,02_1兆以上_10兆未満
4189,KHネオケム,東P,99375,993.75,0,5,05_500億以上_1000億未満
4192,スパイダープラス,東G,9804,98.04,0,7,07_100億未満
4193,ファブリカHLDG,東S,12281,122.81,0,6,06_100億以上_500億未満
4194,ビジョナル,東P,315425,3154.25,0,4,04_1000億以上_5000億未満
4196,ネオマーケティング,東S,3908,39.08,0,7,07_100億未満
4197,アスマーク,東S,2651,26.51,0,7,07_100億未満
4198,テンダ,東S,3424,34.24,0,7,07_100億未満
4199,ワンダープラネット,東G,1941,19.41,0,7,07_100億未満
4202,ダイセル,東P,327350,3273.5,0,4,04_1000億以上_5000億未満
4203,住友ベークライト,東P,585891,5858.91,1,3,03_5000億以上_1兆未満
4204,積水化学工業,東P,962472,9624.72,1,3,03_5000億以上_1兆未満
4205,日本ゼオン,東P,452820,4528.2,0,4,04_1000億以上_5000億未満
4206,アイカ工業,東P,230957,2309.57,0,4,04_1000億以上_5000億未満
4208,UBE,東P,312334,3123.34,0,4,04_1000億以上_5000億未満
4212,積水樹脂,東P,66777,667.77,0,5,05_500億以上_1000億未満
4216,旭有機材,東P,132465,1324.65,0,4,04_1000億以上_5000億未満
4218,ニチバン,東P,37163,371.63,0,6,06_100億以上_500億未満
421A,ムービン･ストラテジック･キャ,東G,25166,251.66,0,6,06_100億以上_500億未満
4220,リケンテクノス,東P,80707,807.07,0,5,05_500億以上_1000億未満
4221,大倉工業,東P,60150,601.5,0,5,05_500億以上_1000億未満
4222,児玉化学工業,東S,10899,108.99,0,6,06_100億以上_500億未満
4224,ロンシール工業,東S,9260,92.6,0,7,07_100億未満
4228,積水化成品工業,東P,25562,255.62,0,6,06_100億以上_500億未満
4229,群栄化学工業,東P,42742,427.42,0,6,06_100億以上_500億未満
4231,タイガースポリマー,東S,19367,193.67,0,6,06_100億以上_500億未満
4234,サンエー化研,東S,7539,75.39,0,7,07_100億未満
4235,ウルトラファブリックスHLDG,東S,11418,114.18,0,6,06_100億以上_500億未満
4237,フジプレアム,東S,9949,99.49,0,7,07_100億未満
4238,ミライアル,東S,15909,159.09,0,6,06_100億以上_500億未満
423A,ライオン事務器,東S,9995,99.95,0,7,07_100億未満
4240,クラスターテクノロジー,東S,1856,18.56,0,7,07_100億未満
4241,アテクト,東S,3017,30.17,0,7,07_100億未満
4242,タカギセイコー,東S,4764,47.64,0,7,07_100億未満
4243,ニックス,東S,2033,20.33,0,7,07_100億未満
4245,ダイキアクシス,東S,9010,90.1,0,7,07_100億未満
4246,ダイキョーニシカワ,東P,73696,736.96,0,5,05_500億以上_1000億未満
4247,ポバール興業,東S,3280,32.8,0,7,07_100億未満
4248,竹本容器,東S,10850,108.5,0,6,06_100億以上_500億未満
4249,森六,東P,33273,332.73,0,6,06_100億以上_500億未満
4251,恵和,東P,24068,240.68,0,6,06_100億以上_500億未満
4255,THECOO,東G,4881,48.81,0,7,07_100億未満
4256,サインド,東G,6024,60.24,0,7,07_100億未満
4258,網屋,東G,31215,312.15,0,6,06_100億以上_500億未満
4259,エクサウィザーズ,東G,103310,1033.1,0,4,04_1000億以上_5000億未満
4260,ハイブリッドテクノロジーズ,東G,2919,29.19,0,7,07_100億未満
4261,アジアクエスト,東G,5098,50.98,0,7,07_100億未満
4262,ニフティライフスタイル,東G,8676,86.76,0,7,07_100億未満
4263,サスメド,東G,10357,103.57,0,6,06_100億以上_500億未満
4264,セキュア,東G,9756,97.56,0,7,07_100億未満
4265,Institution for,東G,1111,11.11,0,7,07_100億未満
4270,BeeX,東G,5282,52.82,0,7,07_100億未満
4272,日本化薬,東P,307289,3072.89,0,4,04_1000億以上_5000億未満
4274,細谷火工,東S,4355,43.55,0,7,07_100億未満
4275,カーリット,東P,52259,522.59,0,5,05_500億以上_1000億未満
4284,ソルクシーズ,東S,10996,109.96,0,6,06_100億以上_500億未満
4286,CLHLDG,東S,12223,122.23,0,6,06_100億以上_500億未満
4287,ジャストプランニング,東S,5858,58.58,0,7,07_100億未満
4288,アズジェント,東S,1435,14.35,0,7,07_100億未満
428A,サイプレス･HLDG,東S,14822,148.22,0,6,06_100億以上_500億未満
4290,プレステージ･インターナショナ,東P,81011,810.11,0,5,05_500億以上_1000億未満
4293,セプテーニHLDG,東S,103379,1033.79,0,4,04_1000億以上_5000億未満
4299,ハイマックス,東S,12397,123.97,0,6,06_100億以上_500億未満
429A,テクセンドフォトマスク,東P,415207,4152.07,0,4,04_1000億以上_5000億未満
4301,アミューズ,東P,33224,332.24,0,6,06_100億以上_500億未満
4307,野村総合研究所,東P,2756828,27568.28,3,2,02_1兆以上_10兆未満
4308,Jストリーム,東G,9680,96.8,0,7,07_100億未満
4310,ドリームインキュベータ,東P,26772,267.72,0,6,06_100億以上_500億未満
4316,ビーマップ,東G,502,5.02,0.000502,7,07_100億未満
4317,レイ,東S,6620,66.2,0,7,07_100億未満
4318,クイック,東P,40152,401.52,0,6,06_100億以上_500億未満
431A,ユーソナー,東G,18347,183.47,0,6,06_100億以上_500億未満
4320,CE HLDG,東S,28916,289.16,0,6,06_100億以上_500億未満
4323,日本システム技術,東P,41676,416.76,0,6,06_100億以上_500億未満
4324,電通グループ,東P,817335,8173.35,1,3,03_5000億以上_1兆未満
4326,インテージHLDG,東P,68199,681.99,0,5,05_500億以上_1000億未満
4331,テイクアンドギヴ･ニーズ,東P,9810,98.1,0,7,07_100億未満
4334,ユークス,東S,4361,43.61,0,7,07_100億未満
4335,IPS HLDG,東S,2994,29.94,0,7,07_100億未満
4337,ピア,東P,42149,421.49,0,6,06_100億以上_500億未満
4341,西菱電機,東S,3024,30.24,0,7,07_100億未満
4343,イオンファンタジー,東P,47996,479.96,0,6,06_100億以上_500億未満
4344,ソースネクスト,東P,15442,154.42,0,6,06_100億以上_500億未満
4345,シーティーエス,東P,33936,339.36,0,6,06_100億以上_500億未満
4346,NEXYZ.Group,東S,9551,95.51,0,7,07_100億未満
4347,ブロードメディア,東S,12262,122.62,0,6,06_100億以上_500億未満
4350,メディカルシステムネットワーク,東S,15107,151.07,0,6,06_100億以上_500億未満
4351,山田再生系債権回収総合事務所,東S,4174,41.74,0,7,07_100億未満
4356,応用技術,東S,9427,94.27,0,7,07_100億未満
4360,マナック･ケミカル･パートナー,東S,6486,64.86,0,7,07_100億未満
4361,川口化学工業,東S,1718,17.18,0,7,07_100億未満
4362,日本精化,東P,57436,574.36,0,5,05_500億以上_1000億未満
4365,松本油脂製薬,東S,91156,911.56,0,5,05_500億以上_1000億未満
4366,ダイトーケミックス,東S,17539,175.39,0,6,06_100億以上_500億未満
4367,広栄化学,東S,14308,143.08,0,6,06_100億以上_500億未満
4368,扶桑化学工業,東P,448504,4485.04,0,4,04_1000億以上_5000億未満
4369,トリケミカル研究所,東P,133407,1334.07,0,4,04_1000億以上_5000億未満
436A,サイバーソリューションズ,東G,16571,165.71,0,6,06_100億以上_500億未満
4370,モビルス,東G,1875,18.75,0,7,07_100億未満
4371,コアコンセプト･テクノロジー,東G,23211,232.11,0,6,06_100億以上_500億未満
4372,ユミルリンク,東G,4383,43.83,0,7,07_100億未満
4373,シンプレクス･HLDG,東P,256760,2567.6,0,4,04_1000億以上_5000億未満
4374,ROBOT PAYMENT,東G,9280,92.8,0,7,07_100億未満
4375,セーフィー,東G,35995,359.95,0,6,06_100億以上_500億未満
4376,クフウカンパニーHLDG,東G,10271,102.71,0,6,06_100億以上_500億未満
4377,ワンキャリア,東G,34402,344.02,0,6,06_100億以上_500億未満
4378,CINC,東G,1949,19.49,0,7,07_100億未満
4379,Photosynth,東G,6401,64.01,0,7,07_100億未満
4380,Mマート,東G,5527,55.27,0,7,07_100億未満
4381,ビープラッツ,東G,824,8.24,0.000824,7,07_100億未満
4382,HEROZ,東S,10614,106.14,0,6,06_100億以上_500億未満
4385,メルカリ,東P,620044,6200.44,1,3,03_5000億以上_1兆未満
4386,SIGグループ,東S,4873,48.73,0,7,07_100億未満
4387,ZUU,東G,2289,22.89,0,7,07_100億未満
4388,エーアイ,東S,2314,23.14,0,7,07_100億未満
4389,プロパティデータバンク,東G,10323,103.23,0,6,06_100億以上_500億未満
438A,インフキュリオン,東G,15641,156.41,0,6,06_100億以上_500億未満
4390,IPS,東P,50106,501.06,0,5,05_500億以上_1000億未満
4391,ロジザード,東G,3539,35.39,0,7,07_100億未満
4392,FIG,東P,43222,432.22,0,6,06_100億以上_500億未満
4393,バンク･オブ･イノベーション,東G,19595,195.95,0,6,06_100億以上_500億未満
4394,エクスモーション,東G,2396,23.96,0,7,07_100億未満
4395,アクリート,東G,6108,61.08,0,7,07_100億未満
4396,システムサポートHLDG,東P,20821,208.21,0,6,06_100億以上_500億未満
4397,チームスピリット,東G,6228,62.28,0,7,07_100億未満
4398,ブロードバンドセキュリティ,東S,5816,58.16,0,7,07_100億未満
4401,ADEKA,東P,416421,4164.21,0,4,04_1000億以上_5000億未満
4403,日油,東P,634121,6341.21,1,3,03_5000億以上_1兆未満
4404,ミヨシ油脂,東S,19078,190.78,0,6,06_100億以上_500億未満
4406,新日本理化,東S,8464,84.64,0,7,07_100億未満
4409,東邦化学工業,東S,15457,154.57,0,6,06_100億以上_500億未満
4410,ハリマ化成グループ,東P,29862,298.62,0,6,06_100億以上_500億未満
4412,サイエンスアーツ,東G,9234,92.34,0,7,07_100億未満
4413,ボードルア,東P,78443,784.43,0,5,05_500億以上_1000億未満
4414,フレクト,東G,6737,67.37,0,7,07_100億未満
4415,ブロードエンタープライズ,東G,7294,72.94,0,7,07_100億未満
4416,True Data,東G,1999,19.99,0,7,07_100億未満
4417,グローバルセキュリティエキスパ,東G,47154,471.54,0,6,06_100億以上_500億未満
4418,JDSC,東G,10615,106.15,0,6,06_100億以上_500億未満
4419,FinatextHLDG,東G,63524,635.24,0,5,05_500億以上_1000億未満
441A,NE,東G,8464,84.64,0,7,07_100億未満
4420,イーソル,東S,18160,181.6,0,6,06_100億以上_500億未満
4421,ディ･アイ･システム,東S,2723,27.23,0,7,07_100億未満
4422,VALUENEX,東G,5798,57.98,0,7,07_100億未満
4424,Amazia,東G,1358,13.58,0,7,07_100億未満
4425,Kudan,東G,19507,195.07,0,6,06_100億以上_500億未満
4427,EduLab,東G,2117,21.17,0,7,07_100億未満
4428,シノプス,東G,3918,39.18,0,7,07_100億未満
4429,リックソフト,東G,3431,34.31,0,7,07_100億未満
442A,クラシコ,東G,2251,22.51,0,7,07_100億未満
4430,東海ソフト,東S,8266,82.66,0,7,07_100億未満
4431,スマレジ,東G,48388,483.88,0,6,06_100億以上_500億未満
4432,ウイングアーク1st,東P,83629,836.29,0,5,05_500億以上_1000億未満
4433,ヒト･コミュニケーションズHD,東P,14695,146.95,0,6,06_100億以上_500億未満
4434,サーバーワークス,東S,16424,164.24,0,6,06_100億以上_500億未満
4436,ミンカブ･ジ･インフォノイド,東G,6778,67.78,0,7,07_100億未満
4437,gooddays HLDG,東G,6449,64.49,0,7,07_100億未満
4438,Welby,東G,2480,24.8,0,7,07_100億未満
4439,東名,東S,22009,220.09,0,6,06_100億以上_500億未満
4440,ヴィッツ,東S,4514,45.14,0,7,07_100億未満
4441,トビラシステムズ,東S,11882,118.82,0,6,06_100億以上_500億未満
4442,バルテス･HLDG,東G,8794,87.94,0,7,07_100億未満
4443,Sansan,東P,197920,1979.2,0,4,04_1000億以上_5000億未満
4444,インフォネット,東G,1686,16.86,0,7,07_100億未満
4445,リビン･テクノロジーズ,東G,4155,41.55,0,7,07_100億未満
4446,Link−Uグループ,東P,8037,80.37,0,7,07_100億未満
4447,ピー･ビーシステムズ,東G,2897,28.97,0,7,07_100億未満
4448,kubell,東G,13092,130.92,0,6,06_100億以上_500億未満
4449,ギフティ,東P,34676,346.76,0,6,06_100億以上_500億未満
4450,パワーソリューションズ,東G,6023,60.23,0,7,07_100億未満
4452,花王,東P,2652199,26521.99,3,2,02_1兆以上_10兆未満
4461,第一工業製薬,東P,120305,1203.05,0,4,04_1000億以上_5000億未満
4462,石原ケミカル,東P,40839,408.39,0,6,06_100億以上_500億未満
4463,日華化学,東S,30373,303.73,0,6,06_100億以上_500億未満
4464,ソフト99コーポレーション,東S,76848,768.48,0,5,05_500億以上_1000億未満
4465,ニイタカ,東S,12213,122.13,0,6,06_100億以上_500億未満
446A,ノースサンド,東G,92253,922.53,0,5,05_500億以上_1000億未満
4471,三洋化成工業,東P,122851,1228.51,0,4,04_1000億以上_5000億未満
4475,HENNGE,東G,37051,370.51,0,6,06_100億以上_500億未満
4476,AI CROSS,東G,3933,39.33,0,7,07_100億未満
4477,BASE,東G,31959,319.59,0,6,06_100億以上_500億未満
4478,フリー,東G,127545,1275.45,0,4,04_1000億以上_5000億未満
4479,マクアケ,東G,11040,110.4,0,6,06_100億以上_500億未満
4480,メドレー,東P,67212,672.12,0,5,05_500億以上_1000億未満
4481,ベース,東P,56204,562.04,0,5,05_500億以上_1000億未満
4482,ウィルズ,東G,15159,151.59,0,6,06_100億以上_500億未満
4483,JMDC,東P,175053,1750.53,0,4,04_1000億以上_5000億未満
4484,ランサーズ,東G,4224,42.24,0,7,07_100億未満
4486,ユナイトアンドグロウ,東G,5232,52.32,0,7,07_100億未満
4487,スペースマーケット,東G,3135,31.35,0,7,07_100億未満
4488,AI inside,東G,8240,82.4,0,7,07_100億未満
4490,ビザスク,東G,5571,55.71,0,7,07_100億未満
4491,コンピューターマネージメント,東S,5957,59.57,0,7,07_100億未満
4492,ゼネテック,東S,4292,42.92,0,7,07_100億未満
4493,サイバーセキュリティクラウド,東G,18194,181.94,0,6,06_100億以上_500億未満
4494,バリオセキュア,東S,2922,29.22,0,7,07_100億未満
4495,アイキューブドシステムズ,東G,10117,101.17,0,6,06_100億以上_500億未満
4496,コマースOne HLDG,東G,4870,48.7,0,7,07_100億未満
4498,サイバートラスト,東G,18780,187.8,0,6,06_100億以上_500億未満
4499,Speee,東S,31579,315.79,0,6,06_100億以上_500億未満
4502,武田薬品工業,東P,7717621,77176.21,8,2,02_1兆以上_10兆未満
4503,アステラス製薬,東P,3891680,38916.8,4,2,02_1兆以上_10兆未満
4506,住友ファーマ,東P,635400,6354,1,3,03_5000億以上_1兆未満
4507,塩野義製薬,東P,2514545,25145.45,3,2,02_1兆以上_10兆未満
4512,ワカモト製薬,東S,9267,92.67,0,7,07_100億未満
4516,日本新薬,東P,282481,2824.81,0,4,04_1000億以上_5000億未満
4519,中外製薬,東P,12705432,127054.32,13,1,01_10兆以上
4521,科研製薬,東P,166186,1661.86,0,4,04_1000億以上_5000億未満
4523,エーザイ,東P,1112641,11126.41,1,2,02_1兆以上_10兆未満
4524,森下仁丹,東S,8952,89.52,0,7,07_100億未満
4526,理研ビタミン,東P,87417,874.17,0,5,05_500億以上_1000億未満
4527,ロート製薬,東P,554901,5549.01,1,3,03_5000億以上_1兆未満
4528,小野薬品工業,東P,1094880,10948.8,1,2,02_1兆以上_10兆未満
4531,有機合成薬品工業,東S,7889,78.89,0,7,07_100億未満
4534,持田製薬,東P,114447,1144.47,0,4,04_1000億以上_5000億未満
4536,参天製薬,東P,603327,6033.27,1,3,03_5000億以上_1兆未満
4538,扶桑薬品工業,東P,19063,190.63,0,6,06_100億以上_500億未満
4539,日本ケミファ,東S,6584,65.84,0,7,07_100億未満
4540,ツムラ,東P,284927,2849.27,0,4,04_1000億以上_5000億未満
4543,テルモ,東P,3369755,33697.55,3,2,02_1兆以上_10兆未満
4544,H.U.グループHLDG,東P,189610,1896.1,0,4,04_1000億以上_5000億未満
4547,キッセイ薬品工業,東P,174300,1743,0,4,04_1000億以上_5000億未満
4548,生化学工業,東P,40622,406.22,0,6,06_100億以上_500億未満
4549,栄研化学,東P,93262,932.62,0,5,05_500億以上_1000億未満
4552,JCRファーマ,東P,59267,592.67,0,5,05_500億以上_1000億未満
4553,東和薬品,東P,191382,1913.82,0,4,04_1000億以上_5000億未満
4554,富士製薬工業,東P,56506,565.06,0,5,05_500億以上_1000億未満
4556,カイノス,東S,10344,103.44,0,6,06_100億以上_500億未満
4558,中京医薬品,東S,2297,22.97,0,7,07_100億未満
4559,ゼリア新薬工業,東P,104298,1042.98,0,4,04_1000億以上_5000億未満
4563,アンジェス,東G,18745,187.45,0,6,06_100億以上_500億未満
4564,オンコセラピー･サイエンス,東G,7574,75.74,0,7,07_100億未満
4565,ネクセラファーマ,東P,86494,864.94,0,5,05_500億以上_1000億未満
4568,第一三共,東P,4531288,45312.88,5,2,02_1兆以上_10兆未満
4569,杏林製薬,東P,67679,676.79,0,5,05_500億以上_1000億未満
456A,HUMAN MADE,東G,139393,1393.93,0,4,04_1000億以上_5000億未満
4570,免疫生物研究所,東G,9110,91.1,0,7,07_100億未満
4571,NANOHLDG,東G,8988,89.88,0,7,07_100億未満
4572,カルナバイオサイエンス,東G,8287,82.87,0,7,07_100億未満
4574,大幸薬品,東P,12710,127.1,0,6,06_100億以上_500億未満
4575,キャンバス,東G,11532,115.32,0,6,06_100億以上_500億未満
4576,デ･ウエスタン･セラピテクス,東G,4024,40.24,0,7,07_100億未満
4577,ダイト,東P,32635,326.35,0,6,06_100億以上_500億未満
4578,大塚HLDG,東P,5850705,58507.05,6,2,02_1兆以上_10兆未満
4579,ラクオリア創薬,東G,12391,123.91,0,6,06_100億以上_500億未満
4582,シンバイオ製薬,東G,5421,54.21,0,7,07_100億未満
4583,カイオム･バイオサイエンス,東G,5588,55.88,0,7,07_100億未満
4584,キッズウェル･バイオ,東G,7047,70.47,0,7,07_100億未満
4586,メドレックス,東G,3384,33.84,0,7,07_100億未満
4587,ペプチドリーム,東P,129308,1293.08,0,4,04_1000億以上_5000億未満
4588,オンコリスバイオファーマ,東G,70541,705.41,0,5,05_500億以上_1000億未満
4591,リボミック,東G,3638,36.38,0,7,07_100億未満
4592,サンバイオ,東G,98432,984.32,0,5,05_500億以上_1000億未満
4593,ヘリオス,東G,42391,423.91,0,6,06_100億以上_500億未満
4594,ブライトパス･バイオ,東G,6945,69.45,0,7,07_100億未満
4595,ミズホメディー,東S,31739,317.39,0,6,06_100億以上_500億未満
4596,窪田製薬HLDG,東G,8450,84.5,0,7,07_100億未満
4597,ソレイジア･ファーマ,東G,6015,60.15,0,7,07_100億未満
4598,DeltaーFly Pharm,東G,2063,20.63,0,7,07_100億未満
4599,ステムリム,東G,18178,181.78,0,6,06_100億以上_500億未満
460A,BRANU,東G,2754,27.54,0,7,07_100億未満
4611,大日本塗料,東P,37495,374.95,0,6,06_100億以上_500億未満
4612,日本ペイントHLDG,東P,2325709,23257.09,2,2,02_1兆以上_10兆未満
4613,関西ペイント,東P,424562,4245.62,0,4,04_1000億以上_5000億未満
4615,神東塗料,東S,4292,42.92,0,7,07_100億未満
4616,川上塗料,東S,1787,17.87,0,7,07_100億未満
4617,中国塗料,東P,174900,1749,0,4,04_1000億以上_5000億未満
4619,日本特殊塗料,東S,53597,535.97,0,5,05_500億以上_1000億未満
4620,藤倉化成,東S,32362,323.62,0,6,06_100億以上_500億未満
4623,アサヒペン,東S,7654,76.54,0,7,07_100億未満
4624,イサム塗料,東S,7190,71.9,0,7,07_100億未満
4625,アトミクス,東S,5077,50.77,0,7,07_100億未満
4626,太陽HLDG,東P,584198,5841.98,1,3,03_5000億以上_1兆未満
4627,ナトコ,東S,14188,141.88,0,6,06_100億以上_500億未満
4628,エスケー化研,東S,151567,1515.67,0,4,04_1000億以上_5000億未満
4629,大伸化学,東S,8844,88.44,0,7,07_100億未満
462A,FUNDINNO,東G,10006,100.06,0,6,06_100億以上_500億未満
4631,DIC,東P,468077,4680.77,0,4,04_1000億以上_5000億未満
4633,サカタインクス,東P,115650,1156.5,0,4,04_1000億以上_5000億未満
4634,artience,東P,206929,2069.29,0,4,04_1000億以上_5000億未満
4635,東京インキ,東S,16423,164.23,0,6,06_100億以上_500億未満
463A,インテリックスHLDG,東S,8706,87.06,0,7,07_100億未満
4641,アルプス技研,東P,46929,469.29,0,6,06_100億以上_500億未満
4642,オリジナル設計,東S,10563,105.63,0,6,06_100億以上_500億未満
4644,イマジニア,東S,10755,107.55,0,6,06_100億以上_500億未満
4645,市進HLDG,東S,4486,44.86,0,7,07_100億未満
464A,QPSHLDG,東G,151761,1517.61,0,4,04_1000億以上_5000億未満
4650,SDエンターテイメント,東S,2393,23.93,0,7,07_100億未満
4651,サニックスHLDG,東S,11594,115.94,0,6,06_100億以上_500億未満
4657,環境管理センター,東S,2107,21.07,0,7,07_100億未満
4658,日本空調サービス,東P,53855,538.55,0,5,05_500億以上_1000億未満
4659,エイジス,東S,47609,476.09,0,6,06_100億以上_500億未満
4661,オリエンタルランド,東P,3932185,39321.85,4,2,02_1兆以上_10兆未満
4662,フォーカスシステムズ,東P,24944,249.44,0,6,06_100億以上_500億未満
4664,アール･エス･シー,東S,2693,26.93,0,7,07_100億未満
4665,ダスキン,東P,194016,1940.16,0,4,04_1000億以上_5000億未満
4666,パーク24,東P,308058,3080.58,0,4,04_1000億以上_5000億未満
4667,アイサンテクノロジー,東S,8767,87.67,0,7,07_100億未満
4668,明光ネットワークジャパン,東P,17288,172.88,0,6,06_100億以上_500億未満
4671,ファルコHLDG,東S,26978,269.78,0,6,06_100億以上_500億未満
4673,川崎地質,東S,4666,46.66,0,7,07_100億未満
4674,クレスコ,東P,63210,632.1,0,5,05_500億以上_1000億未満
4676,フジ･メディアHLDG,東P,649094,6490.94,1,3,03_5000億以上_1兆未満
4678,秀英予備校,東S,2040,20.4,0,7,07_100億未満
4679,田谷,東S,1938,19.38,0,7,07_100億未満
4680,ラウンドワン,東P,268660,2686.6,0,4,04_1000億以上_5000億未満
4681,リゾートトラスト,東P,348894,3488.94,0,4,04_1000億以上_5000億未満
4684,オービック,東P,1947828,19478.28,2,2,02_1兆以上_10兆未満
4685,菱友システムズ,東S,37189,371.89,0,6,06_100億以上_500億未満
4686,ジャストシステム,東P,259789,2597.89,0,4,04_1000億以上_5000億未満
4687,TDCソフト,東P,48067,480.67,0,6,06_100億以上_500億未満
4689,LINEヤフー,東P,2798513,27985.13,3,2,02_1兆以上_10兆未満
4691,ワシントンホテル,東S,20190,201.9,0,6,06_100億以上_500億未満
4694,ビー･エム･エル,東P,144253,1442.53,0,4,04_1000億以上_5000億未満
469A,フィットクルー,東G,1552,15.52,0,7,07_100億未満
4704,トレンドマイクロ,東P,877112,8771.12,1,3,03_5000億以上_1兆未満
4705,クリップコーポレーション,東S,3570,35.7,0,7,07_100億未満
4707,キタック,東S,1928,19.28,0,7,07_100億未満
4709,ID HLDG,東P,34080,340.8,0,6,06_100億以上_500億未満
4712,KeyHolder,東S,15060,150.6,0,6,06_100億以上_500億未満
4714,リソー教育グループ,東P,32300,323,0,6,06_100億以上_500億未満
4716,日本オラクル,東S,1179820,11798.2,1,2,02_1兆以上_10兆未満
4718,早稲田アカデミー,東P,45440,454.4,0,6,06_100億以上_500億未満
4719,アルファシステムズ,東P,44897,448.97,0,6,06_100億以上_500億未満
471A,NSグループ,東P,71401,714.01,0,5,05_500億以上_1000億未満
4720,城南進学研究社,東S,2047,20.47,0,7,07_100億未満
4722,フューチャー,東P,146328,1463.28,0,4,04_1000億以上_5000億未満
4725,CAC HLDG,東P,36564,365.64,0,6,06_100億以上_500億未満
4728,トーセ,東S,4930,49.3,0,7,07_100億未満
472A,ミラティブ,東G,7178,71.78,0,7,07_100億未満
4732,ユー･エス･エス,東P,858888,8588.88,1,3,03_5000億以上_1兆未満
4733,オービックビジネスコンサルタン,東P,451745,4517.45,0,4,04_1000億以上_5000億未満
4735,京進,東S,2645,26.45,0,7,07_100億未満
4736,日本ラッド,東S,3176,31.76,0,7,07_100億未満
4743,アイティフォー,東P,45245,452.45,0,6,06_100億以上_500億未満
4746,東計電算,東S,78072,780.72,0,5,05_500億以上_1000億未満
4750,ダイサン,東S,4106,41.06,0,7,07_100億未満
4751,サイバーエージェント,東P,700052,7000.52,1,3,03_5000億以上_1兆未満
4752,昭和システムエンジニアリング,東S,7210,72.1,0,7,07_100億未満
4754,トスネット,東S,7203,72.03,0,7,07_100億未満
4755,楽天グループ,東P,1668071,16680.71,2,2,02_1兆以上_10兆未満
475A,ギミック,東S,3618,36.18,0,7,07_100億未満
4760,アルファ,東S,1437,14.37,0,7,07_100億未満
4761,サクラケーシーエス,東S,15344,153.44,0,6,06_100億以上_500億未満
4762,エックスネット,東S,12847,128.47,0,6,06_100億以上_500億未満
4763,クリーク･アンド･リバー社,東P,27910,279.1,0,6,06_100億以上_500億未満
4765,SBIグローバルアセットマネジ,東P,80631,806.31,0,5,05_500億以上_1000億未満
4766,ピーエイ,東S,2066,20.66,0,7,07_100億未満
4767,テー･オー･ダブリュー,東S,17041,170.41,0,6,06_100億以上_500億未満
4768,大塚商会,東P,1131653,11316.53,1,2,02_1兆以上_10兆未満
4769,IC,東S,8134,81.34,0,7,07_100億未満
476A,辻･本郷ITコンサルティング,東S,2901,29.01,0,7,07_100億未満
4771,エフアンドエム,東S,39113,391.13,0,6,06_100億以上_500億未満
4772,SM ENTERTAINMEN,東G,8461,84.61,0,7,07_100億未満
4776,サイボウズ,東P,126619,1266.19,0,4,04_1000億以上_5000億未満
4777,ガーラ,東S,5605,56.05,0,7,07_100億未満
477A,スタートライン,東G,2429,24.29,0,7,07_100億未満
4783,NCD,東S,18673,186.73,0,6,06_100億以上_500億未満
4784,GMOインターネット,東P,146255,1462.55,0,4,04_1000億以上_5000億未満
478A,フツパー,東G,6803,68.03,0,7,07_100億未満
4792,山田コンサルティンググループ,東P,32530,325.3,0,6,06_100億以上_500億未満
479A,PRONI,東G,5903,59.03,0,7,07_100億未満
4800,オリコン,東S,20099,200.99,0,6,06_100億以上_500億未満
4801,セントラルスポーツ,東P,25719,257.19,0,6,06_100億以上_500億未満
4809,パラカ,東P,20129,201.29,0,6,06_100億以上_500億未満
480A,リブ･コンサルティング,東G,6016,60.16,0,7,07_100億未満
4811,ドリーム･アーツ,東G,8953,89.53,0,7,07_100億未満
4812,電通総研,東P,415929,4159.29,0,4,04_1000億以上_5000億未満
4813,ACCESS,東P,18742,187.42,0,6,06_100億以上_500億未満
4814,ネクストウェア,東S,2095,20.95,0,7,07_100億未満
4816,東映アニメーション,東S,489510,4895.1,0,4,04_1000億以上_5000億未満
4819,デジタルガレージ,東P,92900,929,0,5,05_500億以上_1000億未満
4820,イーエムシステムズ,東P,35116,351.16,0,6,06_100億以上_500億未満
4825,ウェザーニューズ,東P,97168,971.68,0,5,05_500億以上_1000億未満
4826,CIJ,東P,33566,335.66,0,6,06_100億以上_500億未満
4828,ビジネスエンジニアリング,東P,60420,604.2,0,5,05_500億以上_1000億未満
4829,日本エンタープライズ,東S,3931,39.31,0,7,07_100億未満
4832,JFEシステムズ,東S,61410,614.1,0,5,05_500億以上_1000億未満
4833,Def consulting,東G,3775,37.75,0,7,07_100億未満
4838,スペースシャワーSKIYAKI,東S,11018,110.18,0,6,06_100億以上_500億未満
4839,WOWOW,東P,28787,287.87,0,6,06_100億以上_500億未満
483A,テラテクノロジー,東S,3863,38.63,0,7,07_100億未満
4840,トライアイズ,東S,7090,70.9,0,7,07_100億未満
4845,スカラ,東S,5899,58.99,0,7,07_100億未満
4847,インテリジェント ウェイブ,東P,24628,246.28,0,6,06_100億以上_500億未満
4848,フルキャストHLDG,東P,53351,533.51,0,5,05_500億以上_1000億未満
4849,エン,東P,60156,601.56,0,5,05_500億以上_1000億未満
485A,パワーエックス,東G,331019,3310.19,0,4,04_1000億以上_5000億未満
4875,メディシノバ,東S,10484,104.84,0,6,06_100億以上_500億未満
4880,セルソース,東S,6510,65.1,0,7,07_100億未満
4881,ファンペップ,東G,2838,28.38,0,7,07_100億未満
4882,ペルセウスプロテオミクス,東G,2516,25.16,0,7,07_100億未満
4883,モダリス,東G,3661,36.61,0,7,07_100億未満
4884,クリングルファーマ,東G,2808,28.08,0,7,07_100億未満
4885,室町ケミカル,東S,3956,39.56,0,7,07_100億未満
4886,アスカ製薬HLDG,東P,74209,742.09,0,5,05_500億以上_1000億未満
4887,サワイグループHLDG,東P,198291,1982.91,0,4,04_1000億以上_5000億未満
4888,ステラファーマ,東G,12017,120.17,0,6,06_100億以上_500億未満
4889,レナサイエンス,東G,21657,216.57,0,6,06_100億以上_500億未満
4890,坪田ラボ,東G,5855,58.55,0,7,07_100億未満
4891,ティムス,東G,5468,54.68,0,7,07_100億未満
4892,サイフューズ,東G,5601,56.01,0,7,07_100億未満
4893,ノイルイミューン･バイオ,東G,5555,55.55,0,7,07_100億未満
4894,クオリプス,東G,34583,345.83,0,6,06_100億以上_500億未満
4896,ケイファーマ,東G,7996,79.96,0,7,07_100億未満
4901,富士フイルムHLDG,東P,4413276,44132.76,4,2,02_1兆以上_10兆未満
4902,コニカミノルタ,東P,318689,3186.89,0,4,04_1000億以上_5000億未満
4911,資生堂,東P,1007000,10070,1,2,02_1兆以上_10兆未満
4912,ライオン,東P,441357,4413.57,0,4,04_1000億以上_5000億未満
4914,高砂香料工業,東P,109226,1092.26,0,4,04_1000億以上_5000億未満
4918,アイビー化粧品,東S,1693,16.93,0,7,07_100億未満
4919,ミルボン,東P,81668,816.68,0,5,05_500億以上_1000億未満
4920,日本色材工業研究所,東S,2314,23.14,0,7,07_100億未満
4922,コーセーHLDG,東P,320171,3201.71,0,4,04_1000億以上_5000億未満
4923,コタ,東P,34348,343.48,0,6,06_100億以上_500億未満
4925,ハーバー研究所,東S,6693,66.93,0,7,07_100億未満
4926,シーボン,東S,5159,51.59,0,7,07_100億未満
4927,ポーラ･オルビスHLDG,東P,286993,2869.93,0,4,04_1000億以上_5000億未満
4928,ノエビアHLDG,東P,144483,1444.83,0,4,04_1000億以上_5000億未満
4929,アジュバンHLDG,東S,5888,58.88,0,7,07_100億未満
4931,新日本製薬,東P,40651,406.51,0,6,06_100億以上_500億未満
4932,アルマード,東S,6621,66.21,0,7,07_100億未満
4933,I−ne,東P,22381,223.81,0,6,06_100億以上_500億未満
4934,プレミアアンチエイジング,東G,5415,54.15,0,7,07_100億未満
4935,リベルタ,東S,6678,66.78,0,7,07_100億未満
4936,アクシージア,東S,7955,79.55,0,7,07_100億未満
4937,Waqoo,東G,5678,56.78,0,7,07_100億未満
4951,エステー,東P,33005,330.05,0,6,06_100億以上_500億未満
4956,コニシ,東P,96820,968.2,0,5,05_500億以上_1000億未満
4958,長谷川香料,東P,131114,1311.14,0,4,04_1000億以上_5000億未満
4960,ケミプロ化成,東S,9259,92.59,0,7,07_100億未満
4966,上村工業,東S,416639,4166.39,0,4,04_1000億以上_5000億未満
4967,小林製薬,東P,439187,4391.87,0,4,04_1000億以上_5000億未満
4968,荒川化学工業,東P,31123,311.23,0,6,06_100億以上_500億未満
4970,東洋合成工業,東S,134203,1342.03,0,4,04_1000億以上_5000億未満
4971,メック,東P,206866,2068.66,0,4,04_1000億以上_5000億未満
4972,綜研化学,東S,57104,571.04,0,5,05_500億以上_1000億未満
4973,日本高純度化学,東P,33370,333.7,0,6,06_100億以上_500億未満
4974,タカラバイオ,東P,137635,1376.35,0,4,04_1000億以上_5000億未満
4975,JCU,東P,196643,1966.43,0,4,04_1000億以上_5000億未満
4976,東洋ドライルーブ,東S,5163,51.63,0,7,07_100億未満
4977,新田ゼラチン,東S,22471,224.71,0,6,06_100億以上_500億未満
4978,リプロセル,東G,12084,120.84,0,6,06_100億以上_500億未満
4979,OATアグリオ,東S,29197,291.97,0,6,06_100億以上_500億未満
4980,デクセリアルズ,東P,753660,7536.6,1,3,03_5000億以上_1兆未満
4985,アース製薬,東P,100944,1009.44,0,4,04_1000億以上_5000億未満
4990,昭和化学工業,東S,5750,57.5,0,7,07_100億未満
4992,北興化学工業,東S,53982,539.82,0,5,05_500億以上_1000億未満
4994,大成ラミックグループ,東S,15335,153.35,0,6,06_100億以上_500億未満
4996,クミアイ化学工業,東P,98557,985.57,0,5,05_500億以上_1000億未満
4997,日本農薬,東P,81393,813.93,0,5,05_500億以上_1000億未満
4998,フマキラー,東S,18782,187.82,0,6,06_100億以上_500億未満
500A,TOブックス,東S,10813,108.13,0,6,06_100億以上_500億未満
5010,日本精蝋,東S,5174,51.74,0,7,07_100億未満
5011,ニチレキグループ,東P,62295,622.95,0,5,05_500億以上_1000億未満
5013,ユシロ,東S,46079,460.79,0,6,06_100億以上_500億未満
5015,ビーピー･カストロール,東S,22906,229.06,0,6,06_100億以上_500億未満
5016,JX金属,東P,3738418,37384.18,4,2,02_1兆以上_10兆未満
5018,MORESCO,東S,18045,180.45,0,6,06_100億以上_500億未満
5019,出光興産,東P,1708836,17088.36,2,2,02_1兆以上_10兆未満
5020,ENEOS HLDG,東P,3483609,34836.09,3,2,02_1兆以上_10兆未満
5021,コスモエネルギーHLDG,東P,604548,6045.48,1,3,03_5000億以上_1兆未満
5025,マーキュリー,東G,1797,17.97,0,7,07_100億未満
5026,トリプルアイズ,東G,5075,50.75,0,7,07_100億未満
5027,AnyMind Group,東G,29281,292.81,0,6,06_100億以上_500億未満
5028,セカンドサイトアナリティカ,東G,2954,29.54,0,7,07_100億未満
5029,サークレイス,東G,3078,30.78,0,7,07_100億未満
5031,モイ,東G,6718,67.18,0,7,07_100億未満
5032,ANYCOLOR,東P,173314,1733.14,0,4,04_1000億以上_5000億未満
5033,ヌーラボ,東G,4928,49.28,0,7,07_100億未満
5034,unerry,東G,7371,73.71,0,7,07_100億未満
5035,HOUSEI,東G,2767,27.67,0,7,07_100億未満
5036,日本ビジネスシステムズ,東P,79853,798.53,0,5,05_500億以上_1000億未満
5038,eWeLL,東G,26924,269.24,0,6,06_100億以上_500億未満
504A,イノバセル,東G,26324,263.24,0,6,06_100億以上_500億未満
505A,ギークリー,東S,13496,134.96,0,6,06_100億以上_500億未満
5071,ヴィス,東S,11269,112.69,0,6,06_100億以上_500億未満
5074,テスHLDG,東P,65350,653.5,0,5,05_500億以上_1000億未満
5076,インフロニア･HLDG,東P,731216,7312.16,1,3,03_5000億以上_1兆未満
5078,セレ,東S,17460,174.6,0,6,06_100億以上_500億未満
5079,ノバック,東S,12924,129.24,0,6,06_100億以上_500億未満
5101,横浜ゴム,東P,1150298,11502.98,1,2,02_1兆以上_10兆未満
5103,昭和HLDG,東S,2975,29.75,0,7,07_100億未満
5105,TOYO TIRE,東P,559731,5597.31,1,3,03_5000億以上_1兆未満
5108,ブリヂストン,東P,4550400,45504,5,2,02_1兆以上_10兆未満
5110,住友ゴム工業,東P,524376,5243.76,1,3,03_5000億以上_1兆未満
5121,藤倉コンポジット,東P,50689,506.89,0,5,05_500億以上_1000億未満
5122,オカモト,東P,101240,1012.4,0,4,04_1000億以上_5000億未満
5125,ファインズ,東G,2172,21.72,0,7,07_100億未満
5126,ポーターズ,東G,2203,22.03,0,7,07_100億未満
5129,FIXER,東G,3993,39.93,0,7,07_100億未満
5131,リンカーズ,東G,1640,16.4,0,7,07_100億未満
5132,pluszero,東G,11296,112.96,0,6,06_100億以上_500億未満
5133,テリロジーHLDG,東S,5014,50.14,0,7,07_100億未満
5134,POPER,東G,2102,21.02,0,7,07_100億未満
5136,tripla,東G,8743,87.43,0,7,07_100億未満
5137,スマートドライブ,東G,7288,72.88,0,7,07_100億未満
5138,Rebase,東G,2065,20.65,0,7,07_100億未満
5139,オープンワーク,東G,19380,193.8,0,6,06_100億以上_500億未満
5142,アキレス,東P,17024,170.24,0,6,06_100億以上_500億未満
5161,西川ゴム工業,東S,109076,1090.76,0,4,04_1000億以上_5000億未満
5162,朝日ラバー,東S,3168,31.68,0,7,07_100億未満
5184,ニチリン,東S,58708,587.08,0,5,05_500億以上_1000億未満
5185,フコク,東P,27873,278.73,0,6,06_100億以上_500億未満
5186,ニッタ,東P,177977,1779.77,0,4,04_1000億以上_5000億未満
5187,クリエートメディック,東S,10399,103.99,0,6,06_100億以上_500億未満
5189,櫻護謨,東S,6183,61.83,0,7,07_100億未満
5192,三ツ星ベルト,東P,122706,1227.06,0,4,04_1000億以上_5000億未満
5194,相模ゴム工業,東S,6825,68.25,0,7,07_100億未満
5195,バンドー化学,東P,96695,966.95,0,5,05_500億以上_1000億未満
5199,不二ラテックス,東S,2481,24.81,0,7,07_100億未満
519A,ベーシック,東G,2981,29.81,0,7,07_100億未満
5201,AGC,東P,1764917,17649.17,2,2,02_1兆以上_10兆未満
5202,日本板硝子,東P,67469,674.69,0,5,05_500億以上_1000億未満
5204,石塚硝子,東S,11629,116.29,0,6,06_100億以上_500億未満
5208,有沢製作所,東P,75508,755.08,0,5,05_500億以上_1000億未満
520A,ジェイファーマ,東G,7463,74.63,0,7,07_100億未満
5210,日本山村硝子,東S,28242,282.42,0,6,06_100億以上_500億未満
5214,日本電気硝子,東P,571785,5717.85,1,3,03_5000億以上_1兆未満
5216,倉元製作所,東S,6140,61.4,0,7,07_100億未満
5218,オハラ,東S,42476,424.76,0,6,06_100億以上_500億未満
5232,住友大阪セメント,東P,177978,1779.78,0,4,04_1000億以上_5000億未満
5233,太平洋セメント,東P,522998,5229.98,1,3,03_5000億以上_1兆未満
5237,ノザワ,東S,13572,135.72,0,6,06_100億以上_500億未満
523A,セイワHLDG,東G,36589,365.89,0,6,06_100億以上_500億未満
5240,monoAI technolo,東G,1558,15.58,0,7,07_100億未満
5242,アイズ,東G,929,9.29,0.000929,7,07_100億未満
5243,note,東G,35120,351.2,0,6,06_100億以上_500億未満
5244,jig.jp,東G,7492,74.92,0,7,07_100億未満
5246,ELEMENTS,東G,15645,156.45,0,6,06_100億以上_500億未満
5247,BTM,東G,1532,15.32,0,7,07_100億未満
5248,テクノロジーズ,東G,8190,81.9,0,7,07_100億未満
5250,GMOプライム･ストラテジー,東S,3978,39.78,0,7,07_100億未満
5252,日本ナレッジ,東G,3184,31.84,0,7,07_100億未満
5253,カバー,東G,105040,1050.4,0,4,04_1000億以上_5000億未満
5254,Arent,東G,22254,222.54,0,6,06_100億以上_500億未満
5255,モンスターラボ,東G,5581,55.81,0,7,07_100億未満
5256,Fusic,東G,3007,30.07,0,7,07_100億未満
5257,ノバシステム,東S,3443,34.43,0,7,07_100億未満
5258,トランザクション･メディア･,東G,12135,121.35,0,6,06_100億以上_500億未満
5261,リソルHLDG,東P,37503,375.03,0,6,06_100億以上_500億未満
5262,日本ヒューム,東P,57932,579.32,0,5,05_500億以上_1000億未満
5268,旭コンクリート工業,東S,11658,116.58,0,6,06_100億以上_500億未満
5269,日本コンクリート工業,東P,18431,184.31,0,6,06_100億以上_500億未満
5271,トーヨーアサノ,東S,3197,31.97,0,7,07_100億未満
5273,三谷セキサン,東S,121890,1218.9,0,4,04_1000億以上_5000億未満
5279,日本興業,東S,3423,34.23,0,7,07_100億未満
5280,ヨシコン,東S,17008,170.08,0,6,06_100億以上_500億未満
5282,ジオスター,東S,11508,115.08,0,6,06_100億以上_500億未満
5283,高見澤,東S,5261,52.61,0,7,07_100億未満
5284,ヤマウHLDG,東S,13495,134.95,0,6,06_100億以上_500億未満
5285,ヤマックス,東S,13954,139.54,0,6,06_100億以上_500億未満
5287,イトーヨーギョー,東S,3126,31.26,0,7,07_100億未満
5288,アジアパイルHLDG,東P,56411,564.11,0,5,05_500億以上_1000億未満
5290,ベルテクスコーポレーション,東S,83155,831.55,0,5,05_500億以上_1000億未満
5301,東海カーボン,東P,408834,4088.34,0,4,04_1000億以上_5000億未満
5302,日本カーボン,東P,56027,560.27,0,5,05_500億以上_1000億未満
5304,SECカーボン,東S,52771,527.71,0,5,05_500億以上_1000億未満
5310,東洋炭素,東P,170250,1702.5,0,4,04_1000億以上_5000億未満
5331,ノリタケ,東P,221737,2217.37,0,4,04_1000億以上_5000億未満
5332,TOTO,東P,1335193,13351.93,1,2,02_1兆以上_10兆未満
5333,NGK,東P,1817775,18177.75,2,2,02_1兆以上_10兆未満
5334,日本特殊陶業,東P,2037308,20373.08,2,2,02_1兆以上_10兆未満
5337,ダントーHLDG,東S,25521,255.21,0,6,06_100億以上_500億未満
5341,ASAHI EITOHLDG,東S,1723,17.23,0,7,07_100億未満
5344,MARUWA,東P,941262,9412.62,1,3,03_5000億以上_1兆未満
5351,品川リフラ,東P,87410,874.1,0,5,05_500億以上_1000億未満
5355,日本坩堝,東S,4608,46.08,0,7,07_100億未満
5356,美濃窯業,東S,16421,164.21,0,6,06_100億以上_500億未満
5357,ヨータイ,東P,33447,334.47,0,6,06_100億以上_500億未満
5363,東京窯業,東S,32425,324.25,0,6,06_100億以上_500億未満
5367,ニッカトー,東S,15752,157.52,0,6,06_100億以上_500億未満
5368,日本インシュレーション,東S,8011,80.11,0,7,07_100億未満
5380,新東,東S,996,9.96,0.000996,7,07_100億未満
5381,マイポックス,東S,15594,155.94,0,6,06_100億以上_500億未満
5384,フジミインコーポレーテッド,東P,342421,3424.21,0,4,04_1000億以上_5000億未満
5388,クニミネ工業,東S,17513,175.13,0,6,06_100億以上_500億未満
5391,エーアンドエーマテリアル,東S,9789,97.89,0,7,07_100億未満
5393,ニチアス,東P,674943,6749.43,1,3,03_5000億以上_1兆未満
5401,日本製鉄,東P,2904449,29044.49,3,2,02_1兆以上_10兆未満
5406,神戸製鋼所,東P,769109,7691.09,1,3,03_5000億以上_1兆未満
5408,中山製鋼所,東P,38226,382.26,0,6,06_100億以上_500億未満
5410,合同製鐵,東P,43737,437.37,0,6,06_100億以上_500億未満
5411,JFEHLDG,東P,1023741,10237.41,1,2,02_1兆以上_10兆未満
5423,東京製鐵,東P,187439,1874.39,0,4,04_1000億以上_5000億未満
542A,ビタブリッドジャパン,東G,5314,53.14,0,7,07_100億未満
543A,ARCHION,東P,815618,8156.18,1,3,03_5000億以上_1兆未満
5440,共英製鋼,東P,78034,780.34,0,5,05_500億以上_1000億未満
5444,大和工業,東P,727880,7278.8,1,3,03_5000億以上_1兆未満
5445,東京鐵鋼,東P,44667,446.67,0,6,06_100億以上_500億未満
5446,北越メタル,東S,4992,49.92,0,7,07_100億未満
5449,大阪製鐵,東S,99738,997.38,0,5,05_500億以上_1000億未満
5451,ヨドコウ,東P,196122,1961.22,0,4,04_1000億以上_5000億未満
5458,高砂鐵工,東S,3655,36.55,0,7,07_100億未満
5461,中部鋼鈑,東P,58324,583.24,0,5,05_500億以上_1000億未満
5463,丸一鋼管,東P,429534,4295.34,0,4,04_1000億以上_5000億未満
5464,モリ工業,東S,36269,362.69,0,6,06_100億以上_500億未満
5471,大同特殊鋼,東P,482824,4828.24,0,4,04_1000億以上_5000億未満
547A,ムニノバHLDG,東P,204994,2049.94,0,4,04_1000億以上_5000億未満
5480,日本冶金工業,東P,68498,684.98,0,5,05_500億以上_1000億未満
5482,愛知製鋼,東P,190917,1909.17,0,4,04_1000億以上_5000億未満
5484,東北特殊鋼,東S,33786,337.86,0,6,06_100億以上_500億未満
548A,システムエグゼ,東S,4802,48.02,0,7,07_100億未満
5491,日本金属,東S,5916,59.16,0,7,07_100億未満
549A,ヒトトヒトHLDG,東S,6356,63.56,0,7,07_100億未満
550A,ソフトテックス,東S,2133,21.33,0,7,07_100億未満
5527,property techno,東G,7361,73.61,0,7,07_100億未満
5532,リアルゲイト,東G,21993,219.93,0,6,06_100億以上_500億未満
5533,エリッツHLDG,東S,6615,66.15,0,7,07_100億未満
5535,ミガロHLDG,東P,16159,161.59,0,6,06_100億以上_500億未満
5537,AlbaLink,東G,18348,183.48,0,6,06_100億以上_500億未満
5541,大平洋金属,東P,44303,443.03,0,6,06_100億以上_500億未満
5542,新報国マテリアル,東S,5721,57.21,0,7,07_100億未満
554A,バトンズ,東G,5477,54.77,0,7,07_100億未満
5563,新日本電工,東P,66358,663.58,0,5,05_500億以上_1000億未満
556A,犬猫生活,東G,8114,81.14,0,7,07_100億未満
5570,ジェノバ,東G,9378,93.78,0,7,07_100億未満
5571,エキサイトHLDG,東S,4731,47.31,0,7,07_100億未満
5572,Ridge−i,東G,14392,143.92,0,6,06_100億以上_500億未満
5574,ABEJA,東G,23482,234.82,0,6,06_100億以上_500億未満
5575,Globee,東G,3326,33.26,0,7,07_100億未満
5576,オービーシステム,東S,6751,67.51,0,7,07_100億未満
5578,ARアドバンストテクノロジ,東G,8857,88.57,0,7,07_100億未満
5580,プロディライト,東G,2502,25.02,0,7,07_100億未満
5582,グリッド,東G,10353,103.53,0,6,06_100億以上_500億未満
5586,Laboro.AI,東G,12822,128.22,0,6,06_100億以上_500億未満
5587,インバウンドプラットフォーム,東G,2756,27.56,0,7,07_100億未満
5588,ファーストアカウンティング,東G,8055,80.55,0,7,07_100億未満
5589,オートサーバー,東S,19378,193.78,0,6,06_100億以上_500億未満
558A,SQUEEZE,東G,15551,155.51,0,6,06_100億以上_500億未満
5590,ネットスターズ,東G,11739,117.39,0,6,06_100億以上_500億未満
5591,AVILEN,東G,4678,46.78,0,7,07_100億未満
5592,クスリノ窓口,東G,28303,283.03,0,6,06_100億以上_500億未満
5597,ブルーイノベーション,東G,6637,66.37,0,7,07_100億未満
5599,S&J,東G,4986,49.86,0,7,07_100億未満
559A,梅乃宿酒造,東S,6265,62.65,0,7,07_100億未満
5602,栗本鐵工所,東P,86838,868.38,0,5,05_500億以上_1000億未満
5603,虹技,東S,4004,40.04,0,7,07_100億未満
5609,日本鋳造,東S,4241,42.41,0,7,07_100億未満
5612,日本鋳鉄管,東S,4973,49.73,0,7,07_100億未満
5616,雨風太陽,東G,1670,16.7,0,7,07_100億未満
5618,ナイル,東G,2510,25.1,0,7,07_100億未満
5619,マーソ,東G,3002,30.02,0,7,07_100億未満
5621,ヒューマンテクノロジーズ,東G,13526,135.26,0,6,06_100億以上_500億未満
5631,日本製鋼所,東P,541450,5414.5,1,3,03_5000億以上_1兆未満
5632,三菱製鋼,東P,33038,330.38,0,6,06_100億以上_500億未満
5644,メタルアート,東S,24186,241.86,0,6,06_100億以上_500億未満
5658,日亜鋼業,東S,18218,182.18,0,6,06_100億以上_500億未満
5659,日本精線,東P,44866,448.66,0,6,06_100億以上_500億未満
5660,神鋼鋼線工業,東S,10620,106.2,0,6,06_100億以上_500億未満
5695,パウダーテック,東S,8016,80.16,0,7,07_100億未満
5697,サンユウ,東S,4276,42.76,0,7,07_100億未満
5698,エンビプロHLDG,東S,25679,256.79,0,6,06_100億以上_500億未満
5699,イボキン,東S,5281,52.81,0,7,07_100億未満
5702,大紀アルミニウム工業所,東P,83114,831.14,0,5,05_500億以上_1000億未満
5703,日本軽金属HLDG,東P,196830,1968.3,0,4,04_1000億以上_5000億未満
5704,JMC,東G,2290,22.9,0,7,07_100億未満
5706,三井金属,東P,2643981,26439.81,3,2,02_1兆以上_10兆未満
5707,東邦亜鉛,東P,13603,136.03,0,6,06_100億以上_500億未満
5711,三菱マテリアル,東P,653897,6538.97,1,3,03_5000億以上_1兆未満
5713,住友金属鉱山,東P,2516704,25167.04,3,2,02_1兆以上_10兆未満
5714,DOWA HLDG,東P,609602,6096.02,1,3,03_5000億以上_1兆未満
5715,古河機械金属,東P,120256,1202.56,0,4,04_1000億以上_5000億未満
5721,エスクリプトエナジー,東S,42297,422.97,0,6,06_100億以上_500億未満
5724,アサカ理研,東S,12990,129.9,0,6,06_100億以上_500億未満
5726,大阪チタニウムテクノロジーズ,東P,107272,1072.72,0,4,04_1000億以上_5000億未満
5729,日本精鉱,東S,15635,156.35,0,6,06_100億以上_500億未満
5741,UACJ,東P,602267,6022.67,1,3,03_5000億以上_1兆未満
5742,エヌアイシ･オートテック,東S,3839,38.39,0,7,07_100億未満
5753,日本伸銅,東S,5370,53.7,0,7,07_100億未満
5757,CKサンエツ,東P,41764,417.64,0,6,06_100億以上_500億未満
5801,古河電気工業,東P,3611080,36110.8,4,2,02_1兆以上_10兆未満
5802,住友電気工業,東P,10690410,106904.1,11,1,01_10兆以上
5803,フジクラ,東P,8529745,85297.45,9,2,02_1兆以上_10兆未満
5805,SWCC,東P,465486,4654.86,0,4,04_1000億以上_5000億未満
5816,オーナンバ,東S,22705,227.05,0,6,06_100億以上_500億未満
5817,JMACS,東S,5444,54.44,0,7,07_100億未満
5819,カナレ電気,東S,12271,122.71,0,6,06_100億以上_500億未満
5820,三ッ星,東S,3013,30.13,0,7,07_100億未満
5821,平河ヒューテック,東P,67955,679.55,0,5,05_500億以上_1000億未満
5830,イヨギンHLDG,東P,947435,9474.35,1,3,03_5000億以上_1兆未満
5831,シズオカFG,東P,1663230,16632.3,2,2,02_1兆以上_10兆未満
5832,チュウギンFG,東P,545168,5451.68,1,3,03_5000億以上_1兆未満
5834,SBIリーシングサービス,東G,34785,347.85,0,6,06_100億以上_500億未満
5838,楽天銀行,東P,864678,8646.78,1,3,03_5000億以上_1兆未満
5842,インテグラル,東G,116467,1164.67,0,4,04_1000億以上_5000億未満
5843,ニッポンインシュア,東S,6050,60.5,0,7,07_100億未満
5844,京都FG,東P,1350708,13507.08,1,2,02_1兆以上_10兆未満
5845,全保連,東S,26307,263.07,0,6,06_100億以上_500億未満
5851,リョービ,東P,84422,844.22,0,5,05_500億以上_1000億未満
5852,アーレスティ,東P,17729,177.29,0,6,06_100億以上_500億未満
5856,エルアイイーエイチ,東S,763,7.63,0.000763,7,07_100億未満
5857,AREHLDG,東P,274457,2744.57,0,4,04_1000億以上_5000億未満
5858,STG,東G,2412,24.12,0,7,07_100億未満
5867,エスネットワークス,東G,3641,36.41,0,7,07_100億未満
5868,ロココ,東S,3452,34.52,0,7,07_100億未満
5869,早稲田学習研究会,東S,12080,120.8,0,6,06_100億以上_500億未満
5870,ナルネットコミュニケーションズ,東G,4015,40.15,0,7,07_100億未満
5871,SOLIZE HLDG,東S,7914,79.14,0,7,07_100億未満
5884,クラダシ,東G,7248,72.48,0,7,07_100億未満
5885,ジーデップ･アドバンス,東S,15531,155.31,0,6,06_100億以上_500億未満
5888,DAIWA CYCLE,東G,7531,75.31,0,7,07_100億未満
5889,Japan Eyewear H,東P,48038,480.38,0,6,06_100億以上_500億未満
5891,魁力屋,東S,8889,88.89,0,7,07_100億未満
5892,yutori,東G,11977,119.77,0,6,06_100億以上_500億未満
5900,ダイケン,東S,4950,49.5,0,7,07_100億未満
5901,東洋製罐グループHLDG,東P,581251,5812.51,1,3,03_5000億以上_1兆未満
5902,ホッカンHLDG,東P,30131,301.31,0,6,06_100億以上_500億未満
5903,シンポ,東S,10421,104.21,0,6,06_100億以上_500億未満
5905,日本製罐,東S,1879,18.79,0,7,07_100億未満
5906,エムケー精工,東S,12008,120.08,0,6,06_100億以上_500億未満
5909,コロナ,東S,26584,265.84,0,6,06_100億以上_500億未満
5911,横河ブリッジHLDG,東P,118272,1182.72,0,4,04_1000億以上_5000億未満
5915,駒井ハルテック,東S,10696,106.96,0,6,06_100億以上_500億未満
5918,瀧上工業,東S,19234,192.34,0,6,06_100億以上_500億未満
5921,川岸工業,東S,12255,122.55,0,6,06_100億以上_500億未満
5922,那須電機鉄工,東S,21468,214.68,0,6,06_100億以上_500億未満
5923,高田機工,東S,7183,71.83,0,7,07_100億未満
5928,アルメタックス,東S,3347,33.47,0,7,07_100億未満
5929,三和HLDG,東P,765323,7653.23,1,3,03_5000億以上_1兆未満
5930,文化シヤッター,東P,132408,1324.08,0,4,04_1000億以上_5000億未満
5932,三協立山,東P,19311,193.11,0,6,06_100億以上_500億未満
5933,アルインコ,東P,21313,213.13,0,6,06_100億以上_500億未満
5936,東洋シヤッター,東S,5633,56.33,0,7,07_100億未満
5938,LIXIL,東P,488989,4889.89,0,4,04_1000億以上_5000億未満
5939,大谷工業,東S,3806,38.06,0,7,07_100億未満
5940,不二サッシ,東S,8750,87.5,0,7,07_100億未満
5941,中西製作所,東S,15759,157.59,0,6,06_100億以上_500億未満
5942,日本フイルコン,東S,12347,123.47,0,6,06_100億以上_500億未満
5943,ノーリツ,東P,107112,1071.12,0,4,04_1000億以上_5000億未満
5945,天龍製鋸,東S,28003,280.03,0,6,06_100億以上_500億未満
5946,長府製作所,東P,67520,675.2,0,5,05_500億以上_1000億未満
5947,リンナイ,東P,482654,4826.54,0,4,04_1000億以上_5000億未満
5949,ユニプレス,東P,55896,558.96,0,5,05_500億以上_1000億未満
5950,日本パワーファスニング,東S,2691,26.91,0,7,07_100億未満
5951,ダイニチ工業,東S,17744,177.44,0,6,06_100億以上_500億未満
5952,アマテイ,東S,2316,23.16,0,7,07_100億未満
5955,ワイズHLDG,東S,11694,116.94,0,6,06_100億以上_500億未満
5956,トーソー,東S,5640,56.4,0,7,07_100億未満
5957,日東精工,東P,30029,300.29,0,6,06_100億以上_500億未満
5958,三洋工業,東S,12210,122.1,0,6,06_100億以上_500億未満
5959,岡部,東P,42467,424.67,0,6,06_100億以上_500億未満
5962,浅香工業,東S,1701,17.01,0,7,07_100億未満
5965,フジマック,東S,16170,161.7,0,6,06_100億以上_500億未満
5966,京都機械工具,東S,5948,59.48,0,7,07_100億未満
5967,TONE,東S,10425,104.25,0,6,06_100億以上_500億未満
5969,ロブテックス,東S,2408,24.08,0,7,07_100億未満
5970,ジーテクト,東P,93925,939.25,0,5,05_500億以上_1000億未満
5971,共和工業所,東S,9520,95.2,0,7,07_100億未満
5973,トーアミ,東S,3910,39.1,0,7,07_100億未満
5974,中国工業,東S,2606,26.06,0,7,07_100億未満
5975,東プレ,東P,144724,1447.24,0,4,04_1000億以上_5000億未満
5976,高周波熱錬,東P,41728,417.28,0,6,06_100億以上_500億未満
5981,東京製綱,東P,29950,299.5,0,6,06_100億以上_500億未満
5982,マルゼン,東S,67549,675.49,0,5,05_500億以上_1000億未満
5983,イワブチ,東S,15400,154,0,6,06_100億以上_500億未満
5984,兼房,東S,10389,103.89,0,6,06_100億以上_500億未満
5985,サンコール,東S,55038,550.38,0,5,05_500億以上_1000億未満
5986,モリテック スチール,東S,5211,52.11,0,7,07_100億未満
5987,オーネックス,東S,3330,33.3,0,7,07_100億未満
5988,パイオラックス,東P,57656,576.56,0,5,05_500億以上_1000億未満
5989,エイチワン,東P,45116,451.16,0,6,06_100億以上_500億未満
5990,スーパーツール,東S,4630,46.3,0,7,07_100億未満
5991,ニッパツ,東P,921029,9210.29,1,3,03_5000億以上_1兆未満
5992,中央発條,東S,97189,971.89,0,5,05_500億以上_1000億未満
5994,ファインシンター,東S,4424,44.24,0,7,07_100億未満
5997,協立エアテック,東S,4836,48.36,0,7,07_100億未満
5998,アドバネクス,東S,12626,126.26,0,6,06_100億以上_500億未満
6005,三浦工業,東P,394542,3945.42,0,4,04_1000億以上_5000億未満
6013,タクマ,東P,245611,2456.11,0,4,04_1000億以上_5000億未満
6016,ジャパンエンジン,東S,66108,661.08,0,5,05_500億以上_1000億未満
6018,阪神内燃機工業,東S,18712,187.12,0,6,06_100億以上_500億未満
6022,赤阪鐵工所,東S,3755,37.55,0,7,07_100億未満
6023,ダイハツインフィニアース,東S,73216,732.16,0,5,05_500億以上_1000億未満
6027,弁護士ドットコム,東P,50903,509.03,0,5,05_500億以上_1000億未満
6029,アトラグループ,東S,1965,19.65,0,7,07_100億未満
6030,アドベンチャー,東G,8988,89.88,0,7,07_100億未満
6031,ZETA,東G,6700,67,0,7,07_100億未満
6033,エクストリーム,東G,7503,75.03,0,7,07_100億未満
6034,MRT,東G,3563,35.63,0,7,07_100億未満
6035,アイ･アールジャパンHLDG,東S,12488,124.88,0,6,06_100億以上_500億未満
6036,KeePer技研,東P,82552,825.52,0,5,05_500億以上_1000億未満
6037,楽待,東S,18707,187.07,0,6,06_100億以上_500億未満
6038,イード,東G,4526,45.26,0,7,07_100億未満
6039,日本動物高度医療センター,東G,13456,134.56,0,6,06_100億以上_500億未満
6040,日本スキー場開発,東G,22132,221.32,0,6,06_100億以上_500億未満
6042,ニッキ,東S,8120,81.2,0,7,07_100億未満
6044,三機サービス,東S,9618,96.18,0,7,07_100億未満
6045,レントラックス,東G,11054,110.54,0,6,06_100億以上_500億未満
6046,リンクバル,東S,2223,22.23,0,7,07_100億未満
6047,Gunosy,東S,10859,108.59,0,6,06_100億以上_500億未満
6049,イトクロ,東G,5738,57.38,0,7,07_100億未満
6050,イー･ガーディアン,東P,19201,192.01,0,6,06_100億以上_500億未満
6054,リブセンス,東S,3126,31.26,0,7,07_100億未満
6055,ジャパンマテリアル,東P,254672,2546.72,0,4,04_1000億以上_5000億未満
6058,ベクトル,東P,65211,652.11,0,5,05_500億以上_1000億未満
6059,ウチヤマHLDG,東S,7545,75.45,0,7,07_100億未満
6061,ユニバーサル園芸社,東S,27457,274.57,0,6,06_100億以上_500億未満
6062,チャーム･ケア,東P,42656,426.56,0,6,06_100億以上_500億未満
6063,日本エマージェンシーアシスタン,東S,2253,22.53,0,7,07_100億未満
6069,トレンダーズ,東G,4844,48.44,0,7,07_100億未満
6070,キャリアリンク,東P,26661,266.61,0,6,06_100億以上_500億未満
6071,IBJ,東P,32803,328.03,0,6,06_100億以上_500億未満
6072,地盤ネットHLDG,東S,34120,341.2,0,6,06_100億以上_500億未満
6073,アサンテ,東P,16349,163.49,0,6,06_100億以上_500億未満
6074,ジェイエスエス,東S,1945,19.45,0,7,07_100億未満
6078,バリューHR,東P,37266,372.66,0,6,06_100億以上_500億未満
6080,M&Aキャピタルパートナーズ,東P,108207,1082.07,0,4,04_1000億以上_5000億未満
6081,アライドアーキテクツ,東G,3005,30.05,0,7,07_100億未満
6082,ライドオンエクスプレスHLDG,東S,10567,105.67,0,6,06_100億以上_500億未満
6083,ERI HLDG,東S,30969,309.69,0,6,06_100億以上_500億未満
6085,アーキテクツ･スタジオ･ジャパ,東G,30323,303.23,0,6,06_100億以上_500億未満
6086,シンメンテHLDG,東G,22099,220.99,0,6,06_100億以上_500億未満
6087,アビスト,東S,13512,135.12,0,6,06_100億以上_500億未満
6088,シグマクシス･HLDG,東P,45580,455.8,0,6,06_100億以上_500億未満
6089,ウィルグループ,東P,23188,231.88,0,6,06_100億以上_500億未満
6090,ヒューマン･メタボローム･テク,東S,3552,35.52,0,7,07_100億未満
6091,ウエスコHLDG,東S,11092,110.92,0,6,06_100億以上_500億未満
6092,エンバイオHLDG,東S,6033,60.33,0,7,07_100億未満
6093,ミトラグループ,東S,7030,70.3,0,7,07_100億未満
6094,フリークアウトHLDG,東G,10543,105.43,0,6,06_100億以上_500億未満
6096,レアジョブ,東S,3554,35.54,0,7,07_100億未満
6098,リクルートHLDG,東P,15630630,156306.3,16,1,01_10兆以上
6099,エラン,東P,40966,409.66,0,6,06_100億以上_500億未満
6101,ツガミ,東P,303360,3033.6,0,4,04_1000億以上_5000億未満
6103,オークマ,東P,275105,2751.05,0,4,04_1000億以上_5000億未満
6104,芝浦機械,東P,101019,1010.19,0,4,04_1000億以上_5000億未満
6113,アマダ,東P,936323,9363.23,1,3,03_5000億以上_1兆未満
6118,アイダエンジニアリング,東P,64853,648.53,0,5,05_500億以上_1000億未満
6125,岡本工作機械製作所,東S,34726,347.26,0,6,06_100億以上_500億未満
6134,FUJI,東P,761851,7618.51,1,3,03_5000億以上_1兆未満
6135,牧野フライス製作所,東P,349758,3497.58,0,4,04_1000億以上_5000億未満
6136,オーエスジー,東P,323625,3236.25,0,4,04_1000億以上_5000億未満
6137,小池酸素工業,東S,33990,339.9,0,6,06_100億以上_500億未満
6138,ダイジェット工業,東S,3301,33.01,0,7,07_100億未満
6140,旭ダイヤモンド工業,東P,63685,636.85,0,5,05_500億以上_1000億未満
6141,DMG森精機,東P,474515,4745.15,0,4,04_1000億以上_5000億未満
6143,ソディック,東P,107009,1070.09,0,4,04_1000億以上_5000億未満
6144,西部電機,東S,40174,401.74,0,6,06_100億以上_500億未満
6145,NITTOKU,東S,58912,589.12,0,5,05_500億以上_1000億未満
6146,ディスコ,東P,7833196,78331.96,8,2,02_1兆以上_10兆未満
6147,ヤマザキ,東S,769,7.69,0.000769,7,07_100億未満
6149,小田原エンジニアリング,東S,13418,134.18,0,6,06_100億以上_500億未満
6150,タケダ機械,東S,2761,27.61,0,7,07_100億未満
6151,日東工器,東P,32122,321.22,0,6,06_100億以上_500億未満
6155,高松機械工業,東S,5290,52.9,0,7,07_100億未満
6156,エーワン精密,東S,10351,103.51,0,6,06_100億以上_500億未満
6157,日進工具,東S,21755,217.55,0,6,06_100億以上_500億未満
6158,和井田製作所,東S,6803,68.03,0,7,07_100億未満
6159,ミクロン精密,東S,15104,151.04,0,6,06_100億以上_500億未満
6161,エスティック,東S,12062,120.62,0,6,06_100億以上_500億未満
6165,パンチ工業,東S,15441,154.41,0,6,06_100億以上_500億未満
6166,中村超硬,東G,4904,49.04,0,7,07_100億未満
6167,冨士ダイス,東P,19520,195.2,0,6,06_100億以上_500億未満
6171,土木管理総合試験所,東S,5496,54.96,0,7,07_100億未満
6176,ブランジスタ,東S,12914,129.14,0,6,06_100億以上_500億未満
6177,AppBank,東G,1994,19.94,0,7,07_100億未満
6178,日本郵政,東P,6024982,60249.82,6,2,02_1兆以上_10兆未満
6180,GMOメディア,東G,6718,67.18,0,7,07_100億未満
6181,タメニー,東G,3328,33.28,0,7,07_100億未満
6182,メタリアル,東G,5814,58.14,0,7,07_100億未満
6183,ベルシステム24HLDG,東P,103065,1030.65,0,4,04_1000億以上_5000億未満
6184,鎌倉新書,東P,18332,183.32,0,6,06_100億以上_500億未満
6185,SMN,東S,5335,53.35,0,7,07_100億未満
6186,一蔵,東S,2058,20.58,0,7,07_100億未満
6189,グローバルキッズCOMPANY,東S,8822,88.22,0,7,07_100億未満
6190,フェニックスバイオ,東G,1578,15.78,0,7,07_100億未満
6191,エアトリ,東P,17717,177.17,0,6,06_100億以上_500億未満
6193,バーチャレクスHLDG,東G,2985,29.85,0,7,07_100億未満
6194,アトラエ,東P,14951,149.51,0,6,06_100億以上_500億未満
6195,ホープ,東G,3507,35.07,0,7,07_100億未満
6196,ストライクグループ,東P,70168,701.68,0,5,05_500億以上_1000億未満
6197,ソラスト,東P,105258,1052.58,0,4,04_1000億以上_5000億未満
6198,キャリア,東G,1984,19.84,0,7,07_100億未満
6199,セラク,東S,15972,159.72,0,6,06_100億以上_500億未満
6200,インソース,東P,49952,499.52,0,6,06_100億以上_500億未満
6203,豊和工業,東S,21959,219.59,0,6,06_100億以上_500億未満
6208,石川製作所,東S,11195,111.95,0,6,06_100億以上_500億未満
6209,リケンNPR,東P,109461,1094.61,0,4,04_1000億以上_5000億未満
6217,津田駒工業,東S,7100,71,0,7,07_100億未満
6218,エンシュウ,東S,3844,38.44,0,7,07_100億未満
6222,島精機製作所,東P,30937,309.37,0,6,06_100億以上_500億未満
6223,西部技研,東S,48728,487.28,0,6,06_100億以上_500億未満
6224,JRC,東G,17192,171.92,0,6,06_100億以上_500億未満
6226,守谷輸送機工業,東S,73113,731.13,0,5,05_500億以上_1000億未満
6227,AIメカテック,東S,122330,1223.3,0,4,04_1000億以上_5000億未満
6228,ジェイ･イー･ティ,東S,10372,103.72,0,6,06_100億以上_500億未満
6229,オーケーエム,東S,6831,68.31,0,7,07_100億未満
6230,SANEI,東S,9811,98.11,0,7,07_100億未満
6231,木村工機,東S,41877,418.77,0,6,06_100億以上_500億未満
6232,ACSL,東G,37977,379.77,0,6,06_100億以上_500億未満
6233,KLASS,東S,2156,21.56,0,7,07_100億未満
6235,オプトラン,東P,173883,1738.83,0,4,04_1000億以上_5000億未満
6237,イワキポンプ,東P,71746,717.46,0,5,05_500億以上_1000億未満
6238,フリュー,東P,35455,354.55,0,6,06_100億以上_500億未満
6239,ナガオカ,東S,9138,91.38,0,7,07_100億未満
6240,ヤマシンフィルタ,東P,36858,368.58,0,6,06_100億以上_500億未満
6245,ヒラノテクシード,東S,36269,362.69,0,6,06_100億以上_500億未満
6246,テクノスマート,東S,22447,224.47,0,6,06_100億以上_500億未満
6247,日阪製作所,東P,46978,469.78,0,6,06_100億以上_500億未満
6248,横田製作所,東S,3217,32.17,0,7,07_100億未満
6249,ゲームカードHLDG,東S,33547,335.47,0,6,06_100億以上_500億未満
6250,ヤマビコ,東P,158129,1581.29,0,4,04_1000億以上_5000億未満
6254,野村マイクロ･サイエンス,東P,180909,1809.09,0,4,04_1000億以上_5000億未満
6255,エヌ･ピー･シー,東G,17642,176.42,0,6,06_100億以上_500億未満
6257,藤商事,東S,22621,226.21,0,6,06_100億以上_500億未満
6258,平田機工,東P,91093,910.93,0,5,05_500億以上_1000億未満
6262,PEGASUS,東S,13209,132.09,0,6,06_100億以上_500億未満
6264,マルマエ,東P,59472,594.72,0,5,05_500億以上_1000億未満
6265,コンバム,東S,5692,56.92,0,7,07_100億未満
6266,タツモ,東P,58850,588.5,0,5,05_500億以上_1000億未満
6267,ゼネラルパッカー,東S,6494,64.94,0,7,07_100億未満
6268,ナブテスコ,東P,619367,6193.67,1,3,03_5000億以上_1兆未満
6269,三井海洋開発,東P,672723,6727.23,1,3,03_5000億以上_1兆未満
6272,レオン自動機,東P,40941,409.41,0,6,06_100億以上_500億未満
6273,SMC,東P,4155979,41559.79,4,2,02_1兆以上_10兆未満
6276,シリウスビジョン,東S,1608,16.08,0,7,07_100億未満
6277,ホソカワミクロン,東P,82271,822.71,0,5,05_500億以上_1000億未満
6278,ユニオンツール,東P,449006,4490.06,0,4,04_1000億以上_5000億未満
6279,瑞光,東P,25459,254.59,0,6,06_100億以上_500億未満
6282,オイレス工業,東P,87880,878.8,0,5,05_500億以上_1000億未満
6284,日精エー･エス･ビー機械,東P,134170,1341.7,0,4,04_1000億以上_5000億未満
6286,靜甲,東S,9401,94.01,0,7,07_100億未満
6287,サトー,東P,77665,776.65,0,5,05_500億以上_1000億未満
6289,技研製作所,東P,47164,471.64,0,6,06_100億以上_500億未満
6291,日本エアーテック,東S,12941,129.41,0,6,06_100億以上_500億未満
6292,カワタ,東S,5840,58.4,0,7,07_100億未満
6294,オカダアイヨン,東P,16179,161.79,0,6,06_100億以上_500億未満
6298,ワイエイシイHLDG,東P,28594,285.94,0,6,06_100億以上_500億未満
6301,小松製作所,東P,6470519,64705.19,6,2,02_1兆以上_10兆未満
6302,住友重機械工業,東P,632840,6328.4,1,3,03_5000億以上_1兆未満
6305,日立建機,東P,1148499,11484.99,1,2,02_1兆以上_10兆未満
6306,日工,東P,34360,343.6,0,6,06_100億以上_500億未満
6307,サンセイ,東S,4116,41.16,0,7,07_100億未満
6309,巴工業,東P,49926,499.26,0,6,06_100億以上_500億未満
6310,井関農機,東P,39787,397.87,0,6,06_100億以上_500億未満
6315,TOWA,東P,241255,2412.55,0,4,04_1000億以上_5000億未満
6316,丸山製作所,東S,12448,124.48,0,6,06_100億以上_500億未満
6317,北川鉄工所,東S,15982,159.82,0,6,06_100億以上_500億未満
6322,タクミナ,東S,12087,120.87,0,6,06_100億以上_500億未満
6323,ローツェ,東P,780394,7803.94,1,3,03_5000億以上_1兆未満
6324,ハーモニック･ドライブ･システ,東P,665539,6655.39,1,3,03_5000億以上_1兆未満
6325,タカキタ,東S,5558,55.58,0,7,07_100億未満
6326,クボタ,東P,3313666,33136.66,3,2,02_1兆以上_10兆未満
6327,北川精機,東S,32446,324.46,0,6,06_100億以上_500億未満
6328,荏原実業,東P,58676,586.76,0,5,05_500億以上_1000億未満
6330,東洋エンジニアリング,東P,116187,1161.87,0,4,04_1000億以上_5000億未満
6331,三菱化工機,東P,82147,821.47,0,5,05_500億以上_1000億未満
6332,月島HLDG,東P,99271,992.71,0,5,05_500億以上_1000億未満
6333,TEIKOKU,東P,45541,455.41,0,6,06_100億以上_500億未満
6334,明治機械,東S,5131,51.31,0,7,07_100億未満
6335,東京機械製作所,東S,5237,52.37,0,7,07_100億未満
6336,石井表記,東S,9951,99.51,0,7,07_100億未満
6337,テセック,東S,15269,152.69,0,6,06_100億以上_500億未満
6338,タカトリ,東S,9841,98.41,0,7,07_100億未満
6339,新東工業,東P,64842,648.42,0,5,05_500億以上_1000億未満
6340,澁谷工業,東P,118933,1189.33,0,4,04_1000億以上_5000億未満
6342,太平製作所,東S,4196,41.96,0,7,07_100億未満
6343,フリージア･マクロス,東S,5998,59.98,0,7,07_100億未満
6345,アイチ,東P,86588,865.88,0,5,05_500億以上_1000億未満
6346,キクカワエンタープライズ,東S,7471,74.71,0,7,07_100億未満
6347,プラコー,東S,2551,25.51,0,7,07_100億未満
6349,小森コーポレーション,東P,78721,787.21,0,5,05_500億以上_1000億未満
6351,鶴見製作所,東P,106737,1067.37,0,4,04_1000億以上_5000億未満
6356,日本ギア工業,東S,20777,207.77,0,6,06_100億以上_500億未満
6357,三精テクノロジーズ,東S,49142,491.42,0,6,06_100億以上_500億未満
6358,酒井重工業,東P,18145,181.45,0,6,06_100億以上_500億未満
6360,東京自働機械製作所,東S,6244,62.44,0,7,07_100億未満
6361,荏原製作所,東P,2505800,25058,3,2,02_1兆以上_10兆未満
6363,酉島製作所,東P,73012,730.12,0,5,05_500億以上_1000億未満
6364,AIRMAN,東P,48838,488.38,0,6,06_100億以上_500億未満
6365,電業社機械製作所,東S,25413,254.13,0,6,06_100億以上_500億未満
6366,千代田化工建設,東S,186653,1866.53,0,4,04_1000億以上_5000億未満
6367,ダイキン工業,東P,6959992,69599.92,7,2,02_1兆以上_10兆未満
6368,オルガノ,東P,722980,7229.8,1,3,03_5000億以上_1兆未満
6369,トーヨーカネツ,東P,35318,353.18,0,6,06_100億以上_500億未満
6370,栗田工業,東P,1027098,10270.98,1,2,02_1兆以上_10兆未満
6371,椿本チエイン,東P,277748,2777.48,0,4,04_1000億以上_5000億未満
6376,日機装,東P,221016,2210.16,0,4,04_1000億以上_5000億未満
6378,木村化工機,東S,23031,230.31,0,6,06_100億以上_500億未満
6379,レイズネクスト,東P,115324,1153.24,0,4,04_1000億以上_5000億未満
6380,オリエンタルチエン工業,東S,9576,95.76,0,7,07_100億未満
6381,アネスト岩田,東P,67294,672.94,0,5,05_500億以上_1000億未満
6382,トリニティ工業,東S,22830,228.3,0,6,06_100億以上_500億未満
6383,ダイフク,東P,2596519,25965.19,3,2,02_1兆以上_10兆未満
6384,昭和真空,東S,11068,110.68,0,6,06_100億以上_500億未満
6387,サムコ,東P,103592,1035.92,0,4,04_1000億以上_5000億未満
6390,加藤製作所,東P,14092,140.92,0,6,06_100億以上_500億未満
6391,加地テック,東S,7250,72.5,0,7,07_100億未満
6392,ヤマダコーポレーション,東S,18240,182.4,0,6,06_100億以上_500億未満
6393,油研工業,東S,12765,127.65,0,6,06_100億以上_500億未満
6395,タダノ,東P,164984,1649.84,0,4,04_1000億以上_5000億未満
6396,宇野澤組鐵工所,東S,4329,43.29,0,7,07_100億未満
6400,不二精機,東S,2372,23.72,0,7,07_100億未満
6402,兼松エンジニアリング,東S,7328,73.28,0,7,07_100億未満
6403,水道機工,東S,17248,172.48,0,6,06_100億以上_500億未満
6405,鈴茂器工,東S,13336,133.36,0,6,06_100億以上_500億未満
6407,CKD,東P,427830,4278.3,0,4,04_1000億以上_5000億未満
6408,小倉クラッチ,東S,6524,65.24,0,7,07_100億未満
6412,平和,東P,205207,2052.07,0,4,04_1000億以上_5000億未満
6413,理想科学工業,東P,70920,709.2,0,5,05_500億以上_1000億未満
6417,SANKYO,東P,374095,3740.95,0,4,04_1000億以上_5000億未満
6418,日本金銭機械,東P,27863,278.63,0,6,06_100億以上_500億未満
6419,マースグループHLDG,東P,66433,664.33,0,5,05_500億以上_1000億未満
6420,ガリレイ,東P,147181,1471.81,0,4,04_1000億以上_5000億未満
6424,高見沢サイバネティックス,東S,3982,39.82,0,7,07_100億未満
6425,ユニバーサルエンターテインメン,東S,54533,545.33,0,5,05_500億以上_1000億未満
6428,オーイズミ,東S,7088,70.88,0,7,07_100億未満
6430,ダイコク電機,東P,30985,309.85,0,6,06_100億以上_500億未満
6432,竹内製作所,東P,367982,3679.82,0,4,04_1000億以上_5000億未満
6433,ヒーハイスト,東S,7384,73.84,0,7,07_100億未満
6436,アマノ,東P,249725,2497.25,0,4,04_1000億以上_5000億未満
6440,JUKI,東P,15893,158.93,0,6,06_100億以上_500億未満
6444,サンデン,東S,17502,175.02,0,6,06_100億以上_500億未満
6445,ジャノメ,東P,19798,197.98,0,6,06_100億以上_500億未満
6448,ブラザー工業,東P,952957,9529.57,1,3,03_5000億以上_1兆未満
6454,マックス,東P,305472,3054.72,0,4,04_1000億以上_5000億未満
6455,モリタHLDG,東P,110276,1102.76,0,4,04_1000億以上_5000億未満
6457,グローリー,東P,237462,2374.62,0,4,04_1000億以上_5000億未満
6458,新晃工業,東P,87559,875.59,0,5,05_500億以上_1000億未満
6459,大和冷機工業,東P,86523,865.23,0,5,05_500億以上_1000億未満
6460,セガサミーHLDG,東P,503433,5034.33,1,3,03_5000億以上_1兆未満
6463,TPR,東P,92694,926.94,0,5,05_500億以上_1000億未満
6464,ツバキ･ナカシマ,東P,16515,165.15,0,6,06_100億以上_500億未満
6465,ホシザキ,東P,736911,7369.11,1,3,03_5000億以上_1兆未満
6466,TVE,東S,9169,91.69,0,7,07_100億未満
6467,ニチダイ,東S,3033,30.33,0,7,07_100億未満
6469,放電精密加工研究所,東S,28590,285.9,0,6,06_100億以上_500億未満
6470,大豊工業,東S,32352,323.52,0,6,06_100億以上_500億未満
6471,日本精工,東P,588500,5885,1,3,03_5000億以上_1兆未満
6472,NTN,東P,256043,2560.43,0,4,04_1000億以上_5000億未満
6473,ジェイテクト,東P,650438,6504.38,1,3,03_5000億以上_1兆未満
6474,不二越,東P,145031,1450.31,0,4,04_1000億以上_5000億未満
6479,ミネベアミツミ,東P,2121736,21217.36,2,2,02_1兆以上_10兆未満
6480,日本トムソン,東P,145680,1456.8,0,4,04_1000億以上_5000億未満
6481,THK,東P,929812,9298.12,1,3,03_5000億以上_1兆未満
6482,YUSHIN,東S,23699,236.99,0,6,06_100億以上_500億未満
6484,KVK,東S,19249,192.49,0,6,06_100億以上_500億未満
6485,前澤給装工業,東S,30401,304.01,0,6,06_100億以上_500億未満
6486,イーグル工業,東P,145542,1455.42,0,4,04_1000億以上_5000億未満
6488,ヨシタケ,東S,12447,124.47,0,6,06_100億以上_500億未満
6490,PILLAR,東P,234147,2341.47,0,4,04_1000億以上_5000億未満
6492,岡野バルブ製造,東S,25012,250.12,0,6,06_100億以上_500億未満
6493,NITTAN,東S,13823,138.23,0,6,06_100億以上_500億未満
6494,NFK HLDG,東S,4679,46.79,0,7,07_100億未満
6495,宮入バルブ製作所,東S,6986,69.86,0,7,07_100億未満
6496,中北製作所,東S,17554,175.54,0,6,06_100億以上_500億未満
6497,ハマイ,東S,9963,99.63,0,7,07_100億未満
6498,キッツ,東P,195359,1953.59,0,4,04_1000億以上_5000億未満
6501,日立製作所,東P,23507813,235078.13,24,1,01_10兆以上
6503,三菱電機,東P,12577778,125777.78,13,1,01_10兆以上
6504,富士電機,東P,2229751,22297.51,2,2,02_1兆以上_10兆未満
6505,東洋電機製造,東S,18993,189.93,0,6,06_100億以上_500億未満
6506,安川電機,東P,1851365,18513.65,2,2,02_1兆以上_10兆未満
6507,シンフォニア テクノロジー,東P,447135,4471.35,0,4,04_1000億以上_5000億未満
6508,明電舎,東P,431146,4311.46,0,4,04_1000億以上_5000億未満
6513,オリジン,東S,7089,70.89,0,7,07_100億未満
6516,山洋電気,東P,265411,2654.11,0,4,04_1000億以上_5000億未満
6517,デンヨー,東P,78913,789.13,0,5,05_500億以上_1000億未満
6518,三相電機,東S,10166,101.66,0,6,06_100億以上_500億未満
6521,オキサイド,東G,57005,570.05,0,5,05_500億以上_1000億未満
6522,アスタリスク,東G,6325,63.25,0,7,07_100億未満
6523,PHCHLDG,東P,136865,1368.65,0,4,04_1000億以上_5000億未満
6524,湖北工業,東S,153400,1534,0,4,04_1000億以上_5000億未満
6525,KOKUSAI ELECTRI,東P,2016125,20161.25,2,2,02_1兆以上_10兆未満
6526,ソシオネクスト,東P,518058,5180.58,1,3,03_5000億以上_1兆未満
6532,ベイカレント,東P,910245,9102.45,1,3,03_5000億以上_1兆未満
6533,Orchestra HLDG,東P,9844,98.44,0,7,07_100億未満
6535,アイモバイル,東P,27329,273.29,0,6,06_100億以上_500億未満
6537,WASHハウス,東G,2493,24.93,0,7,07_100億未満
6538,ディスラプターズ,東S,4808,48.08,0,7,07_100億未満
6539,MSーJapan,東P,22823,228.23,0,6,06_100億以上_500億未満
6540,船場,東S,15967,159.67,0,6,06_100億以上_500億未満
6543,日宣,東S,4759,47.59,0,7,07_100億未満
6544,ジャパンエレベーターサービスH,東P,300893,3008.93,0,4,04_1000億以上_5000億未満
6545,インターネットインフィニティー,東G,3903,39.03,0,7,07_100億未満
6546,フルテック,東S,5905,59.05,0,7,07_100億未満
6547,グリーンズ,東S,27076,270.76,0,6,06_100億以上_500億未満
6548,旅工房,東G,2100,21,0,7,07_100億未満
6549,ディーエムソリューションズ,東S,5873,58.73,0,7,07_100億未満
6551,ツナググループHLDG,東S,4642,46.42,0,7,07_100億未満
6552,GameWith,東S,3798,37.98,0,7,07_100億未満
6554,エスユーエス,東G,8550,85.5,0,7,07_100億未満
6555,MS&Consulting,東S,2023,20.23,0,7,07_100億未満
6557,AIAIグループ,東G,4081,40.81,0,7,07_100億未満
6558,クックビズ,東G,1945,19.45,0,7,07_100億未満
6560,エル･ティー･エス,東P,7834,78.34,0,7,07_100億未満
6561,HANATOUR JAPAN,東G,9676,96.76,0,7,07_100億未満
6562,ジーニー,東G,16142,161.42,0,6,06_100億以上_500億未満
6563,ミライワークス,東G,2606,26.06,0,7,07_100億未満
6564,ミダックHLDG,東P,56019,560.19,0,5,05_500億以上_1000億未満
6566,要興業,東S,18601,186.01,0,6,06_100億以上_500億未満
6568,神戸天然物化学,東G,9834,98.34,0,7,07_100億未満
6570,共和コーポレーション,東S,9990,99.9,0,7,07_100億未満
6571,キュービーネットHLDG,東P,16715,167.15,0,6,06_100億以上_500億未満
6572,オープングループ,東P,13223,132.23,0,6,06_100億以上_500億未満
6573,CRAVIA,東G,1387,13.87,0,7,07_100億未満
6574,コンヴァノ,東G,44806,448.06,0,6,06_100億以上_500億未満
6577,ベストワンドットコム,東G,3002,30.02,0,7,07_100億未満
6578,コレックHLDG,東S,3175,31.75,0,7,07_100億未満
6579,ログリー,東G,1320,13.2,0,7,07_100億未満
6580,ライトアップ,東G,4267,42.67,0,7,07_100億未満
6584,三櫻工業,東P,41194,411.94,0,6,06_100億以上_500億未満
6586,マキタ,東P,1503974,15039.74,2,2,02_1兆以上_10兆未満
6588,東芝テック,東P,188447,1884.47,0,4,04_1000億以上_5000億未満
6590,芝浦メカトロニクス,東P,361872,3618.72,0,4,04_1000億以上_5000億未満
6592,マブチモーター,東P,401531,4015.31,0,4,04_1000億以上_5000億未満
6594,ニデック,東P,3415518,34155.18,3,2,02_1兆以上_10兆未満
6597,HPCシステムズ,東G,30541,305.41,0,6,06_100億以上_500億未満
6599,エブレン,東S,4915,49.15,0,7,07_100億未満
6612,バルミューダ,東G,4784,47.84,0,7,07_100億未満
6613,QDレーザ,東G,102714,1027.14,0,4,04_1000億以上_5000億未満
6614,シキノハイテック,東S,4218,42.18,0,7,07_100億未満
6615,ユー･エム･シー･エレクトロニ,東P,7069,70.69,0,7,07_100億未満
6616,トレックス･セミコンダクター,東P,32583,325.83,0,6,06_100億以上_500億未満
6617,東光高岳,東P,122886,1228.86,0,4,04_1000億以上_5000億未満
6619,ダブル･スコープ,東P,19036,190.36,0,6,06_100億以上_500億未満
6620,宮越HLDG,東P,25089,250.89,0,6,06_100億以上_500億未満
6622,ダイヘン,東P,392476,3924.76,0,4,04_1000億以上_5000億未満
6625,JALCO HLDG,東S,40274,402.74,0,6,06_100億以上_500億未満
6626,SEMITEC,東S,24517,245.17,0,6,06_100億以上_500億未満
6627,テラプローブ,東S,98487,984.87,0,5,05_500億以上_1000億未満
6629,テクノホライゾン,東S,21147,211.47,0,6,06_100億以上_500億未満
6630,ヤーマン,東P,40844,408.44,0,6,06_100億以上_500億未満
6632,JVCケンウッド,東P,203410,2034.1,0,4,04_1000億以上_5000億未満
6633,CGS HLDG,東S,3254,32.54,0,7,07_100億未満
6634,JNグループ,東S,2827,28.27,0,7,07_100億未満
6635,大日光･エンジニアリング,東S,5121,51.21,0,7,07_100億未満
6637,寺崎電気産業,東S,42413,424.13,0,6,06_100億以上_500億未満
6638,ミマキエンジニアリング,東P,58922,589.22,0,5,05_500億以上_1000億未満
6643,戸上電機製作所,東S,24030,240.3,0,6,06_100億以上_500億未満
6644,大崎電気工業,東P,71361,713.61,0,5,05_500億以上_1000億未満
6645,オムロン,東P,1285318,12853.18,1,2,02_1兆以上_10兆未満
6647,森尾電機,東S,3669,36.69,0,7,07_100億未満
6648,カワデン,東S,35297,352.97,0,6,06_100億以上_500億未満
6651,日東工業,東P,188332,1883.32,0,4,04_1000億以上_5000億未満
6652,IDEC,東P,104163,1041.63,0,4,04_1000億以上_5000億未満
6653,正興電機製作所,東P,32824,328.24,0,6,06_100億以上_500億未満
6654,不二電機工業,東S,6992,69.92,0,7,07_100億未満
6656,インスペック,東S,4908,49.08,0,7,07_100億未満
6658,シライ電子工業,東S,6878,68.78,0,7,07_100億未満
6659,メディアリンクス,東S,6925,69.25,0,7,07_100億未満
6662,ユビテック,東S,3210,32.1,0,7,07_100億未満
6663,太洋テクノレックス,東S,2146,21.46,0,7,07_100億未満
6664,オプトエレクトロニクス,東S,3705,37.05,0,7,07_100億未満
6666,リバーエレテック,東S,9831,98.31,0,7,07_100億未満
6668,アドテックプラズマテクノロジー,東S,26960,269.6,0,6,06_100億以上_500億未満
6670,MCJ,東S,222174,2221.74,0,4,04_1000億以上_5000億未満
6674,ジーエスユアサコーポレーション,東P,721707,7217.07,1,3,03_5000億以上_1兆未満
6675,サクサ,東S,36720,367.2,0,6,06_100億以上_500億未満
6676,バッファロー,東S,55128,551.28,0,5,05_500億以上_1000億未満
6677,エスケーエレクトロニクス,東S,37743,377.43,0,6,06_100億以上_500億未満
6678,テクノメディカ,東S,17625,176.25,0,6,06_100億以上_500億未満
6694,ズーム,東S,2964,29.64,0,7,07_100億未満
6696,トラース･オン･プロダクト,東G,1241,12.41,0,7,07_100億未満
6699,ダイヤモンドエレクトリックHD,東S,5725,57.25,0,7,07_100億未満
6701,日本電気,東P,5762588,57625.88,6,2,02_1兆以上_10兆未満
6702,富士通,東P,6063126,60631.26,6,2,02_1兆以上_10兆未満
6703,沖電気工業,東P,298720,2987.2,0,4,04_1000億以上_5000億未満
6706,電気興業,東P,34402,344.02,0,6,06_100億以上_500億未満
6707,サンケン電気,東P,193873,1938.73,0,4,04_1000億以上_5000億未満
6718,アイホン,東P,47434,474.34,0,6,06_100億以上_500億未満
6721,ウインテスト,東S,4705,47.05,0,7,07_100億未満
6723,ルネサスエレクトロニクス,東P,9050035,90500.35,9,2,02_1兆以上_10兆未満
6724,セイコーエプソン,東P,1125950,11259.5,1,2,02_1兆以上_10兆未満
6727,ワコム,東P,123120,1231.2,0,4,04_1000億以上_5000億未満
6728,アルバック,東P,448152,4481.52,0,4,04_1000億以上_5000億未満
6730,アクセル,東S,13667,136.67,0,6,06_100億以上_500億未満
6731,ピクセラ,東S,2192,21.92,0,7,07_100億未満
6736,サン電子,東S,208147,2081.47,0,4,04_1000億以上_5000億未満
6737,EIZO,東P,111626,1116.26,0,4,04_1000億以上_5000億未満
6740,ジャパンディスプレイ,東P,230344,2303.44,0,4,04_1000億以上_5000億未満
6741,日本信号,東P,105858,1058.58,0,4,04_1000億以上_5000億未満
6742,京三製作所,東P,56560,565.6,0,5,05_500億以上_1000億未満
6743,大同信号,東S,14865,148.65,0,6,06_100億以上_500億未満
6744,能美防災,東P,274964,2749.64,0,4,04_1000億以上_5000億未満
6745,ホーチキ,東P,150876,1508.76,0,4,04_1000億以上_5000億未満
6748,星和電機,東S,9532,95.32,0,7,07_100億未満
6750,エレコム,東P,156131,1561.31,0,4,04_1000億以上_5000億未満
6752,パナソニック HLDG,東P,9327218,93272.18,9,2,02_1兆以上_10兆未満
6753,シャープ,東P,436818,4368.18,0,4,04_1000億以上_5000億未満
6754,アンリツ,東P,629353,6293.53,1,3,03_5000億以上_1兆未満
6757,OSGコーポレーション,東S,4554,45.54,0,7,07_100億未満
6758,ソニーグループ,東P,21117219,211172.19,21,1,01_10兆以上
6762,TDK,東P,7678247,76782.47,8,2,02_1兆以上_10兆未満
6763,帝国通信工業,東P,31293,312.93,0,6,06_100億以上_500億未満
6768,タムラ製作所,東P,87158,871.58,0,5,05_500億以上_1000億未満
6769,ザインエレクトロニクス,東S,13574,135.74,0,6,06_100億以上_500億未満
6770,アルプスアルパイン,東P,440451,4404.51,0,4,04_1000億以上_5000億未満
6771,池上通信機,東S,4575,45.75,0,7,07_100億未満
6772,東京コスモス電機,東S,7727,77.27,0,7,07_100億未満
6775,TBグループ,東S,1708,17.08,0,7,07_100億未満
6776,天昇電気工業,東S,4390,43.9,0,7,07_100億未満
6777,santec HLDG,東S,307759,3077.59,0,4,04_1000億以上_5000億未満
6778,アルチザネットワークス,東S,6072,60.72,0,7,07_100億未満
6779,日本電波工業,東P,100263,1002.63,0,4,04_1000億以上_5000億未満
6785,鈴木,東P,47823,478.23,0,6,06_100億以上_500億未満
6786,RVH,東S,1291,12.91,0,7,07_100億未満
6787,メイコー,東P,999764,9997.64,1,3,03_5000億以上_1兆未満
6788,日本トリム,東P,37700,377,0,6,06_100億以上_500億未満
6794,フォスター電機,東P,75250,752.5,0,5,05_500億以上_1000億未満
6797,名古屋電機工業,東S,14848,148.48,0,6,06_100億以上_500億未満
6798,SMK,東P,25704,257.04,0,6,06_100億以上_500億未満
6800,ヨコオ,東P,121873,1218.73,0,4,04_1000億以上_5000億未満
6803,ティアック,東S,2720,27.2,0,7,07_100億未満
6804,ホシデン,東P,165387,1653.87,0,4,04_1000億以上_5000億未満
6806,ヒロセ電機,東P,1024060,10240.6,1,2,02_1兆以上_10兆未満
6807,日本航空電子工業,東P,173858,1738.58,0,4,04_1000億以上_5000億未満
6809,TOA,東P,53633,536.33,0,5,05_500億以上_1000億未満
6810,マクセル,東P,84825,848.25,0,5,05_500億以上_1000億未満
6814,古野電気,東P,196789,1967.89,0,4,04_1000億以上_5000億未満
6817,スミダコーポレーション,東P,51808,518.08,0,5,05_500億以上_1000億未満
6819,伊豆シャボテンリゾート,東S,8395,83.95,0,7,07_100億未満
6820,アイコム,東P,43867,438.67,0,6,06_100億以上_500億未満
6822,大井電気,東S,8056,80.56,0,7,07_100億未満
6823,リオン,東P,46057,460.57,0,6,06_100億以上_500億未満
6824,新コスモス電機,東S,53761,537.61,0,5,05_500億以上_1000億未満
6832,アオイ電子,東S,35700,357,0,6,06_100億以上_500億未満
6834,精工技研,東S,272076,2720.76,0,4,04_1000億以上_5000億未満
6835,アライドテレシスHLDG,東S,28248,282.48,0,6,06_100億以上_500億未満
6836,プラットホーム,東S,4005,40.05,0,7,07_100億未満
6837,京写,東S,5352,53.52,0,7,07_100億未満
6838,多摩川HLDG,東S,22449,224.49,0,6,06_100億以上_500億未満
6840,AKIBA HLDG,東S,9386,93.86,0,7,07_100億未満
6841,横河電機,東P,1366510,13665.1,1,2,02_1兆以上_10兆未満
6844,新電元工業,東P,36134,361.34,0,6,06_100億以上_500億未満
6845,アズビル,東P,891641,8916.41,1,3,03_5000億以上_1兆未満
6848,東亜ディーケーケー,東S,16938,169.38,0,6,06_100億以上_500億未満
6849,日本光電工業,東P,241142,2411.42,0,4,04_1000億以上_5000億未満
6850,チノー,東P,30799,307.99,0,6,06_100億以上_500億未満
6853,共和電業,東S,24352,243.52,0,6,06_100億以上_500億未満
6855,日本電子材料,東S,114229,1142.29,0,4,04_1000億以上_5000億未満
6856,堀場製作所,東P,1112635,11126.35,1,2,02_1兆以上_10兆未満
6857,アドバンテスト,東P,20620440,206204.4,21,1,01_10兆以上
6858,小野測器,東S,10187,101.87,0,6,06_100億以上_500億未満
6859,エスペック,東P,97266,972.66,0,5,05_500億以上_1000億未満
6861,キーエンス,東P,19466344,194663.44,19,1,01_10兆以上
6862,ミナトHLDG,東S,16921,169.21,0,6,06_100億以上_500億未満
6863,ニレコ,東S,19242,192.42,0,6,06_100億以上_500億未満
6864,エヌエフHLDG,東S,17371,173.71,0,6,06_100億以上_500億未満
6866,日置電機,東P,185262,1852.62,0,4,04_1000億以上_5000億未満
6867,リーダー電子,東S,1896,18.96,0,7,07_100億未満
6869,シスメックス,東P,942017,9420.17,1,3,03_5000億以上_1兆未満
6870,日本フェンオール,東S,13937,139.37,0,6,06_100億以上_500億未満
6871,日本マイクロニクス,東P,587171,5871.71,1,3,03_5000億以上_1兆未満
6874,協立電機,東S,22711,227.11,0,6,06_100億以上_500億未満
6875,メガチップス,東P,227801,2278.01,0,4,04_1000億以上_5000億未満
6877,OBARA GROUP,東S,126468,1264.68,0,4,04_1000億以上_5000億未満
6882,三社電機製作所,東S,21139,211.39,0,6,06_100億以上_500億未満
6888,アクモス,東S,5373,53.73,0,7,07_100億未満
6890,フェローテック,東S,457113,4571.13,0,4,04_1000億以上_5000億未満
6894,パルステック工業,東S,2935,29.35,0,7,07_100億未満
6897,ツインバード,東S,4341,43.41,0,7,07_100億未満
6898,トミタ電機,東S,3154,31.54,0,7,07_100億未満
6899,ASTI,東S,7664,76.64,0,7,07_100億未満
6902,デンソー,東P,5551239,55512.39,6,2,02_1兆以上_10兆未満
6904,原田工業,東S,9595,95.95,0,7,07_100億未満
6905,コーセル,東P,61944,619.44,0,5,05_500億以上_1000億未満
6907,ジオマテック,東S,5766,57.66,0,7,07_100億未満
6908,イリソ電子工業,東P,76073,760.73,0,5,05_500億以上_1000億未満
6912,菊水HLDG,東S,18066,180.66,0,6,06_100億以上_500億未満
6914,オプテックスグループ,東P,171320,1713.2,0,4,04_1000億以上_5000億未満
6915,千代田インテグレ,東S,30235,302.35,0,6,06_100億以上_500億未満
6918,アバールデータ,東S,20918,209.18,0,6,06_100億以上_500億未満
6919,ケル,東S,10515,105.15,0,6,06_100億以上_500億未満
6920,レーザーテック,東P,4030744,40307.44,4,2,02_1兆以上_10兆未満
6923,スタンレー電気,東P,464436,4644.36,0,4,04_1000億以上_5000億未満
6925,ウシオ電機,東P,359885,3598.85,0,4,04_1000億以上_5000億未満
6926,岡谷電機産業,東S,4561,45.61,0,7,07_100億未満
6927,ヘリオス テクノ HLDG,東S,20914,209.14,0,6,06_100億以上_500億未満
6928,エノモト,東S,25230,252.3,0,6,06_100億以上_500億未満
6929,日本セラミック,東P,107427,1074.27,0,4,04_1000億以上_5000億未満
6932,遠藤照明,東S,36630,366.3,0,6,06_100億以上_500億未満
6941,山一電機,東P,202013,2020.13,0,4,04_1000億以上_5000億未満
6942,ソフィアHLDG,東S,6100,61,0,7,07_100億未満
6943,NKKスイッチズ,東S,4099,40.99,0,7,07_100億未満
6946,日本アビオニクス,東S,94554,945.54,0,5,05_500億以上_1000億未満
6947,図研,東P,103684,1036.84,0,4,04_1000億以上_5000億未満
6951,日本電子,東P,377220,3772.2,0,4,04_1000億以上_5000億未満
6952,カシオ計算機,東P,434575,4345.75,0,4,04_1000億以上_5000億未満
6954,ファナック,東P,7661725,76617.25,8,2,02_1兆以上_10兆未満
6955,FDK,東S,17061,170.61,0,6,06_100億以上_500億未満
6958,日本シイエムケイ,東P,53545,535.45,0,5,05_500億以上_1000億未満
6960,フクダ電子,東S,434094,4340.94,0,4,04_1000億以上_5000億未満
6961,エンプラス,東P,129545,1295.45,0,4,04_1000億以上_5000億未満
6962,大真空,東P,31560,315.6,0,6,06_100億以上_500億未満
6963,ローム,東P,2219469,22194.69,2,2,02_1兆以上_10兆未満
6964,サンコー,東S,5940,59.4,0,7,07_100億未満
6965,浜松ホトニクス,東P,932391,9323.91,1,3,03_5000億以上_1兆未満
6966,三井ハイテック,東P,168721,1687.21,0,4,04_1000億以上_5000億未満
6969,松尾電機,東S,7248,72.48,0,7,07_100億未満
6971,京セラ,東P,5552942,55529.42,6,2,02_1兆以上_10兆未満
6976,太陽誘電,東P,2095867,20958.67,2,2,02_1兆以上_10兆未満
6977,日本抵抗器製作所,東S,1521,15.21,0,7,07_100億未満
6981,村田製作所,東P,19441572,194415.72,19,1,01_10兆以上
6982,リード,東S,1524,15.24,0,7,07_100億未満
6986,双葉電子工業,東P,26517,265.17,0,6,06_100億以上_500億未満
6988,日東電工,東P,2076020,20760.2,2,2,02_1兆以上_10兆未満
6989,北陸電気工業,東S,20238,202.38,0,6,06_100億以上_500億未満
6993,大黒屋HLDG,東S,71770,717.7,0,5,05_500億以上_1000億未満
6994,指月電機製作所,東S,41128,411.28,0,6,06_100億以上_500億未満
6995,東海理化電機製作所,東P,255388,2553.88,0,4,04_1000億以上_5000億未満
6996,ニチコン,東P,303450,3034.5,0,4,04_1000億以上_5000億未満
6997,日本ケミコン,東P,138423,1384.23,0,4,04_1000億以上_5000億未満
6998,日本タングステン,東S,11296,112.96,0,6,06_100億以上_500億未満
6999,KOA,東P,106180,1061.8,0,4,04_1000億以上_5000億未満
7003,三井E&S,東P,427035,4270.35,0,4,04_1000億以上_5000億未満
7004,カナデビア,東P,220939,2209.39,0,4,04_1000億以上_5000億未満
7011,三菱重工業,東P,12485871,124858.71,12,1,01_10兆以上
7012,川崎重工業,東P,2388688,23886.88,2,2,02_1兆以上_10兆未満
7013,IHI,東P,2748586,27485.86,3,2,02_1兆以上_10兆未満
7014,名村造船所,東S,239343,2393.43,0,4,04_1000億以上_5000億未満
7018,内海造船,東S,20840,208.4,0,6,06_100億以上_500億未満
7021,ニッチツ,東S,3770,37.7,0,7,07_100億未満
7022,サノヤスHLDG,東S,9140,91.4,0,7,07_100億未満
7030,スプリックス,東S,19255,192.55,0,6,06_100億以上_500億未満
7031,インバウンドテック,東G,1590,15.9,0,7,07_100億未満
7033,マネジメントソリューションズ,東P,22246,222.46,0,6,06_100億以上_500億未満
7034,プロレド･パートナーズ,東P,4449,44.49,0,7,07_100億未満
7035,and factory,東S,2782,27.82,0,7,07_100億未満
7036,イーエムネットジャパン,東G,2532,25.32,0,7,07_100億未満
7037,テノ.HLDG,東S,4118,41.18,0,7,07_100億未満
7038,フロンティア･マネジメント,東P,7017,70.17,0,7,07_100億未満
7039,ブリッジインターナショナルグル,東G,6075,60.75,0,7,07_100億未満
7040,サン･ライフHLDG,東S,6390,63.9,0,7,07_100億未満
7041,CRG HLDG,東G,1411,14.11,0,7,07_100億未満
7042,アクセスグループ･HLDG,東S,2050,20.5,0,7,07_100億未満
7043,アルー,東G,2313,23.13,0,7,07_100億未満
7044,ピアラ,東S,3853,38.53,0,7,07_100億未満
7046,TDSE,東G,2926,29.26,0,7,07_100億未満
7047,ポート,東G,28349,283.49,0,6,06_100億以上_500億未満
7048,ベルトラ,東G,4685,46.85,0,7,07_100億未満
7049,識学,東G,7284,72.84,0,7,07_100億未満
7050,フロンティアインターナショナル,東G,11815,118.15,0,6,06_100億以上_500億未満
7057,エヌ･シー･エヌ,東S,2897,28.97,0,7,07_100億未満
7058,共栄セキュリティーサービス,東S,4572,45.72,0,7,07_100億未満
7059,コプロ･HLDG,東P,29680,296.8,0,6,06_100億以上_500億未満
7060,ギークス,東S,5785,57.85,0,7,07_100億未満
7061,日本ホスピスHLDG,東G,4944,49.44,0,7,07_100億未満
7062,フレアス,東G,2022,20.22,0,7,07_100億未満
7063,Birdman,東G,2866,28.66,0,7,07_100億未満
7064,ハウテレビジョン,東S,2242,22.42,0,7,07_100億未満
7065,ユーピーアール,東S,7354,73.54,0,7,07_100億未満
7066,ピアズ,東G,4115,41.15,0,7,07_100億未満
7067,ブランディングテクノロジー,東G,1567,15.67,0,7,07_100億未満
7068,フィードフォースグループ,東G,11036,110.36,0,6,06_100億以上_500億未満
7069,サイバー･バズ,東G,4491,44.91,0,7,07_100億未満
7071,アンビスHLDG,東P,33849,338.49,0,6,06_100億以上_500億未満
7072,インティメート･マージャー,東G,3059,30.59,0,7,07_100億未満
7073,ジェイック,東G,2149,21.49,0,7,07_100億未満
7074,トゥエンティーフォーセブンHD,東G,1417,14.17,0,7,07_100億未満
7075,QLS HLDG,東G,5741,57.41,0,7,07_100億未満
7077,ALiNKインターネット,東G,2094,20.94,0,7,07_100億未満
7078,INCLUSIVE HLDG,東G,3619,36.19,0,7,07_100億未満
7079,WDBココ,東G,6253,62.53,0,7,07_100億未満
7080,スポーツフィールド,東G,5900,59,0,7,07_100億未満
7081,コーユーレンティア,東S,14626,146.26,0,6,06_100億以上_500億未満
7082,ジモティー,東G,14119,141.19,0,6,06_100億以上_500億未満
7083,AHCグループ,東G,1598,15.98,0,7,07_100億未満
7084,Smile HLDG,東G,6783,67.83,0,7,07_100億未満
7085,カーブスHLDG,東P,78840,788.4,0,5,05_500億以上_1000億未満
7087,ウイルテック,東S,8326,83.26,0,7,07_100億未満
7089,フォースタートアップス,東G,9239,92.39,0,7,07_100億未満
7090,リグア,東G,1394,13.94,0,7,07_100億未満
7091,リビングプラットフォーム,東G,5247,52.47,0,7,07_100億未満
7093,アディッシュ,東G,1089,10.89,0,7,07_100億未満
7094,NexTone,東G,12635,126.35,0,6,06_100億以上_500億未満
7095,Macbee Planet,東P,16750,167.5,0,6,06_100億以上_500億未満
7096,ステムセル研究所,東G,6630,66.3,0,7,07_100億未満
7097,サクラサクプラス,東G,13451,134.51,0,6,06_100億以上_500億未満
7102,日本車輌製造,東P,46446,464.46,0,6,06_100億以上_500億未満
7110,クラシコム,東G,14638,146.38,0,6,06_100億以上_500億未満
7111,INEST,東S,3178,31.78,0,7,07_100億未満
7112,キューブ,東G,4310,43.1,0,7,07_100億未満
7114,フーディソン,東G,3575,35.75,0,7,07_100億未満
7115,アルファパーチェス,東S,14483,144.83,0,6,06_100億以上_500億未満
7119,ハルメクHLDG,東G,17466,174.66,0,6,06_100億以上_500億未満
7120,SHINKO,東S,5480,54.8,0,7,07_100億未満
7122,近畿車輛,東S,15717,157.17,0,6,06_100億以上_500億未満
7126,グローバルスタイル,東S,5268,52.68,0,7,07_100億未満
7127,一家HLDG,東S,5002,50.02,0,7,07_100億未満
7128,ユニソルHLDG,東P,49034,490.34,0,6,06_100億以上_500億未満
7129,ミアヘルサHLDG,東S,3178,31.78,0,7,07_100億未満
7130,ヤマエグループHLDG,東P,79218,792.18,0,5,05_500億以上_1000億未満
7131,ノムラ産業,東S,4787,47.87,0,7,07_100億未満
7133,HYUGA PRIMARY C,東G,7461,74.61,0,7,07_100億未満
7134,アップガレージグループ,東S,9108,91.08,0,7,07_100億未満
7135,ジャパンクラフトHLDG,東S,7916,79.16,0,7,07_100億未満
7138,TORICO,東G,2155,21.55,0,7,07_100億未満
7140,ペットゴー,東G,1566,15.66,0,7,07_100億未満
7148,FPG,東P,128722,1287.22,0,4,04_1000億以上_5000億未満
7150,島根銀行,東S,4040,40.4,0,7,07_100億未満
7157,ライフネット生命保険,東P,131839,1318.39,0,4,04_1000億以上_5000億未満
7161,ジモトHLDG,東S,13581,135.81,0,6,06_100億以上_500億未満
7162,アストマックス,東S,3448,34.48,0,7,07_100億未満
7164,全国保証,東P,386095,3860.95,0,4,04_1000億以上_5000億未満
7167,メブキフィナンシャルグループ,東P,1270001,12700.01,1,2,02_1兆以上_10兆未満
7172,ジャパンインベストメントアドバ,東P,121434,1214.34,0,4,04_1000億以上_5000億未満
7173,東京キラボシFG,東P,435953,4359.53,0,4,04_1000億以上_5000億未満
7175,今村証券,東S,7076,70.76,0,7,07_100億未満
7177,GMOフィナンシャルHLDG,東S,125510,1255.1,0,4,04_1000億以上_5000億未満
7180,九州FG,東P,649190,6491.9,1,3,03_5000億以上_1兆未満
7181,カンポ生命保険,東P,1566675,15666.75,2,2,02_1兆以上_10兆未満
7182,ユウチョ銀行,東P,11532210,115322.1,12,1,01_10兆以上
7183,アンシン保証,東S,4602,46.02,0,7,07_100億未満
7184,富山第一銀行,東P,155547,1555.47,0,4,04_1000億以上_5000億未満
7185,ヒロセ通商,東S,25710,257.1,0,6,06_100億以上_500億未満
7186,横浜FG,東P,1876598,18765.98,2,2,02_1兆以上_10兆未満
7187,ジェイリース,東P,22486,224.86,0,6,06_100億以上_500億未満
7189,西日本フィナンシャルHLDG,東P,583808,5838.08,1,3,03_5000億以上_1兆未満
7191,イントラスト,東S,23850,238.5,0,6,06_100億以上_500億未満
7192,日本モーゲージサービス,東S,8484,84.84,0,7,07_100億未満
7196,Casa,東S,8746,87.46,0,7,07_100億未満
7198,SBIアルヒ,東P,35099,350.99,0,6,06_100億以上_500億未満
7199,プレミアグループ,東P,76577,765.77,0,5,05_500億以上_1000億未満
7201,日産自動車,東P,1312899,13128.99,1,2,02_1兆以上_10兆未満
7202,イスゞ自動車,東P,1510088,15100.88,2,2,02_1兆以上_10兆未満
7203,トヨタ自動車,東P,44834079,448340.79,45,1,01_10兆以上
7208,カネミツ,東S,5848,58.48,0,7,07_100億未満
7211,三菱自動車工業,東P,488968,4889.68,0,4,04_1000億以上_5000億未満
7212,エフテック,東S,11676,116.76,0,6,06_100億以上_500億未満
7213,レシップHLDG,東S,8899,88.99,0,7,07_100億未満
7214,GMB,東S,4881,48.81,0,7,07_100億未満
7215,ファルテック,東S,4277,42.77,0,7,07_100億未満
7217,テイン,東S,4082,40.82,0,7,07_100億未満
7218,田中精密工業,東S,9178,91.78,0,7,07_100億未満
7219,エッチ･ケー･エス,東S,3683,36.83,0,7,07_100億未満
7220,武蔵精密工業,東P,577776,5777.76,1,3,03_5000億以上_1兆未満
7222,日産車体,東S,134098,1340.98,0,4,04_1000億以上_5000億未満
7224,新明和工業,東P,151130,1511.3,0,4,04_1000億以上_5000億未満
7226,極東開発工業,東P,83713,837.13,0,5,05_500億以上_1000億未満
7228,デイトナ,東S,13018,130.18,0,6,06_100億以上_500億未満
7229,ユタカ技研,東S,44460,444.6,0,6,06_100億以上_500億未満
7231,トピー工業,東P,64359,643.59,0,5,05_500億以上_1000億未満
7235,東京ラヂエーター製造,東S,15278,152.78,0,6,06_100億以上_500億未満
7236,ティラド,東P,82954,829.54,0,5,05_500億以上_1000億未満
7238,曙ブレーキ工業,東P,32303,323.03,0,6,06_100億以上_500億未満
7239,タチエス,東P,77006,770.06,0,5,05_500億以上_1000億未満
7240,NOK,東P,476273,4762.73,0,4,04_1000億以上_5000億未満
7241,フタバ産業,東P,85550,855.5,0,5,05_500億以上_1000億未満
7242,カヤバ,東P,199351,1993.51,0,4,04_1000億以上_5000億未満
7244,市光工業,東P,50848,508.48,0,5,05_500億以上_1000億未満
7245,大同メタル工業,東P,53413,534.13,0,5,05_500億以上_1000億未満
7246,プレス工業,東P,79532,795.32,0,5,05_500億以上_1000億未満
7247,ミクニ,東S,11883,118.83,0,6,06_100億以上_500億未満
7254,ユニバンス,東S,17290,172.9,0,6,06_100億以上_500億未満
7255,桜井製作所,東S,1880,18.8,0,7,07_100億未満
7256,河西工業,東S,14027,140.27,0,6,06_100億以上_500億未満
7259,アイシン,東P,1771498,17714.98,2,2,02_1兆以上_10兆未満
7261,マツダ,東P,710780,7107.8,1,3,03_5000億以上_1兆未満
7264,ムロコーポレーション,東S,8327,83.27,0,7,07_100億未満
7265,エイケン工業,東S,4755,47.55,0,7,07_100億未満
7266,今仙電機製作所,東S,20293,202.93,0,6,06_100億以上_500億未満
7267,本田技研工業,東P,6819898,68198.98,7,2,02_1兆以上_10兆未満
7269,スズキ,東P,3646272,36462.72,4,2,02_1兆以上_10兆未満
7270,SUBARU,東P,1775046,17750.46,2,2,02_1兆以上_10兆未満
7271,安永,東S,14427,144.27,0,6,06_100億以上_500億未満
7272,ヤマハ発動機,東P,1278256,12782.56,1,2,02_1兆以上_10兆未満
7273,イクヨ,東S,18630,186.3,0,6,06_100億以上_500億未満
7276,小糸製作所,東P,881480,8814.8,1,3,03_5000億以上_1兆未満
7277,TBK,東S,10331,103.31,0,6,06_100億以上_500億未満
7278,エクセディ,東P,295936,2959.36,0,4,04_1000億以上_5000億未満
7279,ハイレックスコーポレーション,東S,89809,898.09,0,5,05_500億以上_1000億未満
7280,ミツバ,東P,55154,551.54,0,5,05_500億以上_1000億未満
7282,豊田合成,東P,554080,5540.8,1,3,03_5000億以上_1兆未満
7283,愛三工業,東P,119459,1194.59,0,4,04_1000億以上_5000億未満
7284,盟和産業,東S,4386,43.86,0,7,07_100億未満
7287,日本精機,東S,154832,1548.32,0,4,04_1000億以上_5000億未満
7291,日本プラスト,東S,8832,88.32,0,7,07_100億未満
7292,村上開明堂,東S,78650,786.5,0,5,05_500億以上_1000億未満
7294,ヨロズ,東P,20771,207.71,0,6,06_100億以上_500億未満
7296,エフ･シー･シー,東P,177773,1777.73,0,4,04_1000億以上_5000億未満
7297,カーメイト,東S,6835,68.35,0,7,07_100億未満
7299,フジオーゼックス,東S,17959,179.59,0,6,06_100億以上_500億未満
7305,新家工業,東S,25397,253.97,0,6,06_100億以上_500億未満
7309,シマノ,東P,1362848,13628.48,1,2,02_1兆以上_10兆未満
7313,テイ･エス テック,東P,229338,2293.38,0,4,04_1000億以上_5000億未満
7314,小田原機器,東S,3689,36.89,0,7,07_100億未満
7317,松屋アールアンドディ,東G,23742,237.42,0,6,06_100億以上_500億未満
7318,セレンディップHLDG,東G,42223,422.23,0,6,06_100億以上_500億未満
7320,Solvvy,東G,18344,183.44,0,6,06_100億以上_500億未満
7322,三十三FG,東P,166635,1666.35,0,4,04_1000億以上_5000億未満
7325,アイリックコーポレーション,東G,6052,60.52,0,7,07_100億未満
7326,SBIインシュアランスグループ,東G,53141,531.41,0,5,05_500億以上_1000億未満
7327,第四北越FG,東P,557380,5573.8,1,3,03_5000億以上_1兆未満
7337,ヒロギンHLDG,東P,610045,6100.45,1,3,03_5000億以上_1兆未満
7343,ブロードマインド,東G,6830,68.3,0,7,07_100億未満
7345,アイ･パートナーズフィナンシャ,東G,3549,35.49,0,7,07_100億未満
7347,マーキュリアHLDG,東P,15796,157.96,0,6,06_100億以上_500億未満
7350,オキナワFG,東P,141092,1410.92,0,4,04_1000億以上_5000億未満
7351,グッドパッチ,東G,4374,43.74,0,7,07_100億未満
7352,TWOSTONE&Sons,東G,14188,141.88,0,6,06_100億以上_500億未満
7353,KIYOラーニング,東G,3906,39.06,0,7,07_100億未満
7354,DmMIX,東S,14151,141.51,0,6,06_100億以上_500億未満
7356,RETTY,東G,1693,16.93,0,7,07_100億未満
7357,ジオコード,東S,4219,42.19,0,7,07_100億未満
7358,ポピンズ,東S,14085,140.85,0,6,06_100億以上_500億未満
7359,東京通信グループ,東G,2378,23.78,0,7,07_100億未満
7360,オンデック,東G,1724,17.24,0,7,07_100億未満
7361,ヒューマンクリエイションHLD,東G,4120,41.2,0,7,07_100億未満
7362,T.S.I,東G,1279,12.79,0,7,07_100億未満
7363,ベビーカレンダー,東G,1018,10.18,0,7,07_100億未満
7366,LITALICO,東P,53033,530.33,0,5,05_500億以上_1000億未満
7367,セルム,東S,7474,74.74,0,7,07_100億未満
7368,表示灯,東S,7921,79.21,0,7,07_100億未満
7369,メイホーHLDG,東G,2187,21.87,0,7,07_100億未満
7370,Enjin,東G,5313,53.13,0,7,07_100億未満
7371,Zenken,東G,8627,86.27,0,7,07_100億未満
7372,デコルテHLDG,東G,2098,20.98,0,7,07_100億未満
7373,アイドマHLDG,東G,17181,171.81,0,6,06_100億以上_500億未満
7374,コンフィデンス･インターワーク,東G,10146,101.46,0,6,06_100億以上_500億未満
7375,リファインバースグループ,東G,4708,47.08,0,7,07_100億未満
7376,BCC,東G,4813,48.13,0,7,07_100億未満
7377,DN HLDG,東S,15526,155.26,0,6,06_100億以上_500億未満
7378,アシロ,東G,10935,109.35,0,6,06_100億以上_500億未満
7380,十六FG,東P,395170,3951.7,0,4,04_1000億以上_5000億未満
7381,CCIグループ,東P,234584,2345.84,0,4,04_1000億以上_5000億未満
7383,ネットプロテクションズHLDG,東P,33428,334.28,0,6,06_100億以上_500億未満
7384,プロクレアHLDG,東P,109764,1097.64,0,4,04_1000億以上_5000億未満
7388,FPパートナー,東P,46983,469.83,0,6,06_100億以上_500億未満
7389,アイチFG,東P,326433,3264.33,0,4,04_1000億以上_5000億未満
7399,ナンシン,東S,4494,44.94,0,7,07_100億未満
7409,AeroEdge,東G,37233,372.33,0,6,06_100億以上_500億未満
7412,アトム,東S,126394,1263.94,0,4,04_1000億以上_5000億未満
7413,創健社,東S,1841,18.41,0,7,07_100億未満
7414,小野建,東P,32862,328.62,0,6,06_100億以上_500億未満
7416,ハルヤマHLDG,東S,10979,109.79,0,6,06_100億以上_500億未満
7417,南陽,東S,19104,191.04,0,6,06_100億以上_500億未満
7419,ノジマ,東P,486533,4865.33,0,4,04_1000億以上_5000億未満
7421,カッパ･クリエイト,東P,67204,672.04,0,5,05_500億以上_1000億未満
7422,東邦レマック,東S,2038,20.38,0,7,07_100億未満
7425,初穂商事,東S,8601,86.01,0,7,07_100億未満
7426,山大,東S,717,7.17,0.000717,7,07_100億未満
7427,エコートレーディング,東S,5075,50.75,0,7,07_100億未満
7433,伯東,東P,94695,946.95,0,5,05_500億以上_1000億未満
7434,オータケ,東S,7391,73.91,0,7,07_100億未満
7435,ナ･デックス,東S,8818,88.18,0,7,07_100億未満
7438,コンドーテック,東P,37435,374.35,0,6,06_100億以上_500億未満
7442,中山福,東S,9076,90.76,0,7,07_100億未満
7443,横浜魚類,東S,3956,39.56,0,7,07_100億未満
7444,ハリマ共和物産,東S,10540,105.4,0,6,06_100億以上_500億未満
7446,東北化学薬品,東S,4694,46.94,0,7,07_100億未満
7447,ナガイレーベン,東P,50438,504.38,0,5,05_500億以上_1000億未満
7453,良品計画,東P,2000838,20008.38,2,2,02_1兆以上_10兆未満
7456,松田産業,東P,167371,1673.71,0,4,04_1000億以上_5000億未満
7458,第一興商,東P,170040,1700.4,0,4,04_1000億以上_5000億未満
7459,メディパルHLDG,東P,571146,5711.46,1,3,03_5000億以上_1兆未満
7460,ヤギ,東S,39850,398.5,0,6,06_100億以上_500億未満
7461,キムラ,東S,6770,67.7,0,7,07_100億未満
7462,CAPITA,東S,2582,25.82,0,7,07_100億未満
7463,アドヴァングループ,東S,38765,387.65,0,6,06_100億以上_500億未満
7464,セフテック,東S,3140,31.4,0,7,07_100億未満
7466,SPK,東P,25507,255.07,0,6,06_100億以上_500億未満
7472,鳥羽洋行,東S,17014,170.14,0,6,06_100億以上_500億未満
7475,アルビス,東P,22038,220.38,0,6,06_100億以上_500億未満
7476,アズワン,東P,158577,1585.77,0,4,04_1000億以上_5000億未満
7477,ムラキ,東S,2718,27.18,0,7,07_100億未満
7480,スズデン,東S,28184,281.84,0,6,06_100億以上_500億未満
7481,尾家産業,東S,21990,219.9,0,6,06_100億以上_500億未満
7482,シモジマ,東P,30033,300.33,0,6,06_100億以上_500億未満
7483,ドウシシャ,東P,105773,1057.73,0,4,04_1000億以上_5000億未満
7486,サンリン,東S,8967,89.67,0,7,07_100億未満
7487,小津産業,東S,14095,140.95,0,6,06_100億以上_500億未満
7490,日新商事,東S,16758,167.58,0,6,06_100億以上_500億未満
7494,コナカ,東S,7736,77.36,0,7,07_100億未満
7500,西川計測,東S,34325,343.25,0,6,06_100億以上_500億未満
7501,ティムコ,東S,5912,59.12,0,7,07_100億未満
7502,プラザHLDG,東S,3891,38.91,0,7,07_100億未満
7504,高速,東P,57704,577.04,0,5,05_500億以上_1000億未満
7505,扶桑電通,東S,29111,291.11,0,6,06_100億以上_500億未満
7506,ハウス オブ ローゼ,東S,6349,63.49,0,7,07_100億未満
7508,Gー7HLDG,東P,59012,590.12,0,5,05_500億以上_1000億未満
7509,アイエーグループ,東S,7569,75.69,0,7,07_100億未満
7510,タケビシ,東P,38163,381.63,0,6,06_100億以上_500億未満
7512,イオン北海道,東S,114464,1144.64,0,4,04_1000億以上_5000億未満
7513,コジマ,東P,108844,1088.44,0,4,04_1000億以上_5000億未満
7514,ヒマラヤ,東S,10411,104.11,0,6,06_100億以上_500億未満
7515,マルヨシセンター,東S,4165,41.65,0,7,07_100億未満
7516,コーナン商事,東P,138382,1383.82,0,4,04_1000億以上_5000億未満
7520,エコス,東P,26035,260.35,0,6,06_100億以上_500億未満
7521,ムサシ,東S,20670,206.7,0,6,06_100億以上_500億未満
7522,ワタミ,東P,38416,384.16,0,6,06_100億以上_500億未満
7523,アールビバン,東S,14717,147.17,0,6,06_100億以上_500億未満
7524,マルシェ,東S,1794,17.94,0,7,07_100億未満
7525,リックス,東P,29290,292.9,0,6,06_100億以上_500億未満
7527,システムソフト,東S,5186,51.86,0,7,07_100億未満
7531,清和中央HLDG,東S,5326,53.26,0,7,07_100億未満
7532,パン･パシフィック･インターナ,東P,2624765,26247.65,3,2,02_1兆以上_10兆未満
7537,丸文,東P,47940,479.4,0,6,06_100億以上_500億未満
7538,大水,東S,4780,47.8,0,7,07_100億未満
7539,アイナボHLDG,東S,17844,178.44,0,6,06_100億以上_500億未満
7544,スリーエフ,東S,4347,43.47,0,7,07_100億未満
7545,西松屋チェーン,東P,136464,1364.64,0,4,04_1000億以上_5000億未満
7550,ゼンショーHLDG,東P,1269914,12699.14,1,2,02_1兆以上_10兆未満
7551,ウェッズ,東S,10525,105.25,0,6,06_100億以上_500億未満
7552,ハピネット,東P,130832,1308.32,0,4,04_1000億以上_5000億未満
7554,幸楽苑,東P,21853,218.53,0,6,06_100億以上_500億未満
7555,大田花キ,東S,4180,41.8,0,7,07_100億未満
7561,ハークスレイ,東S,12002,120.02,0,6,06_100億以上_500億未満
7562,安楽亭,東S,17197,171.97,0,6,06_100億以上_500億未満
7564,ワークマン,東S,656411,6564.11,1,3,03_5000億以上_1兆未満
7565,萬世電機,東S,10144,101.44,0,6,06_100億以上_500億未満
7567,栄電子,東S,2891,28.91,0,7,07_100億未満
7570,橋本総業HLDG,東S,28086,280.86,0,6,06_100億以上_500億未満
7571,ヤマノHLDG,東S,3189,31.89,0,7,07_100億未満
7575,日本ライフライン,東P,91763,917.63,0,5,05_500億以上_1000億未満
7578,ニチリョク,東S,1569,15.69,0,7,07_100億未満
7581,サイゼリヤ,東P,269203,2692.03,0,4,04_1000億以上_5000億未満
7585,カンナン丸,東S,1797,17.97,0,7,07_100億未満
7590,タカショー,東S,6843,68.43,0,7,07_100億未満
7593,VT HLDG,東P,53078,530.78,0,5,05_500億以上_1000億未満
7595,アルゴグラフィックス,東P,99760,997.6,0,5,05_500億以上_1000億未満
7596,魚力,東P,31141,311.41,0,6,06_100億以上_500億未満
7599,IDOM,東P,141520,1415.2,0,4,04_1000億以上_5000億未満
7600,日本エム･ディ･エム,東P,20863,208.63,0,6,06_100億以上_500億未満
7601,ポプラ,東S,2300,23,0,7,07_100億未満
7602,レダックス,東S,3664,36.64,0,7,07_100億未満
7603,ジーイエット,東S,4927,49.27,0,7,07_100億未満
7604,梅ノ花グループ,東S,7612,76.12,0,7,07_100億未満
7606,ユナイテッドアローズ,東P,75444,754.44,0,5,05_500億以上_1000億未満
7607,進和,東P,41722,417.22,0,6,06_100億以上_500億未満
7608,エスケイジャパン,東S,12311,123.11,0,6,06_100億以上_500億未満
7609,ダイトロン,東P,79218,792.18,0,5,05_500億以上_1000億未満
7610,テイツー,東S,8926,89.26,0,7,07_100億未満
7611,ハイデイ日高,東P,97008,970.08,0,5,05_500億以上_1000億未満
7613,シークス,東P,73584,735.84,0,5,05_500億以上_1000億未満
7614,オーエムツーネットワーク,東S,11260,112.6,0,6,06_100億以上_500億未満
7615,京都キモノ友禅HLDG,東S,2010,20.1,0,7,07_100億未満
7616,コロワイド,東P,187465,1874.65,0,4,04_1000億以上_5000億未満
7619,田中商事,東S,8028,80.28,0,7,07_100億未満
7621,ウカイ,東S,18620,186.2,0,6,06_100億以上_500億未満
7624,NaITO,東S,7342,73.42,0,7,07_100億未満
7625,グローバルダイニング,東S,4908,49.08,0,7,07_100億未満
7628,オーハシテクニカ,東P,27587,275.87,0,6,06_100億以上_500億未満
7630,壱番屋,東P,135047,1350.47,0,4,04_1000億以上_5000億未満
7634,星医療酸器,東S,16330,163.3,0,6,06_100億以上_500億未満
7636,ハンズマン,東S,11535,115.35,0,6,06_100億以上_500億未満
7637,白銅,東P,40382,403.82,0,6,06_100億以上_500億未満
7638,NEW ART HLDG,東S,23211,232.11,0,6,06_100億以上_500億未満
7640,トップカルチャー,東S,2983,29.83,0,7,07_100億未満
7643,ダイイチ,東S,19388,193.88,0,6,06_100億以上_500億未満
7646,PLANT,東S,13222,132.22,0,6,06_100億以上_500億未満
7649,スギHLDG,東P,541289,5412.89,1,3,03_5000億以上_1兆未満
7670,オーウエル,東S,10563,105.63,0,6,06_100億以上_500億未満
7673,ダイコー通産,東S,8580,85.8,0,7,07_100億未満
7674,NATTY SWANKYHLD,東G,6434,64.34,0,7,07_100億未満
7677,ヤシマキザイ,東S,7574,75.74,0,7,07_100億未満
7678,アサクマ,東S,35056,350.56,0,6,06_100億以上_500億未満
7679,薬王堂HLDG,東P,31959,319.59,0,6,06_100億以上_500億未満
7681,レオクラン,東S,4690,46.9,0,7,07_100億未満
7682,浜木綿,東S,8854,88.54,0,7,07_100億未満
7683,ダブルエー,東P,26469,264.69,0,6,06_100億以上_500億未満
7685,BuySell Tech,東G,228382,2283.82,0,4,04_1000億以上_5000億未満
7686,ヒトマイル,東S,12083,120.83,0,6,06_100億以上_500億未満
7687,ミクリード,東G,2690,26.9,0,7,07_100億未満
7689,コパ･コーポレーション,東G,1144,11.44,0,7,07_100億未満
7692,アースインフィニティ,東S,10022,100.22,0,6,06_100億以上_500億未満
7694,イツモ,東G,2685,26.85,0,7,07_100億未満
7695,交換デキルクン,東G,5699,56.99,0,7,07_100億未満
7698,アイスコ,東S,9638,96.38,0,7,07_100億未満
7701,島津製作所,東P,1201157,12011.57,1,2,02_1兆以上_10兆未満
7702,JMS,東S,10586,105.86,0,6,06_100億以上_500億未満
7707,プレシジョン･システム･サイエ,東G,6114,61.14,0,7,07_100億未満
7709,クボテック,東S,968,9.68,0.000968,7,07_100億未満
7711,助川電気工業,東S,29702,297.02,0,6,06_100億以上_500億未満
7713,シグマ光機,東S,18119,181.19,0,6,06_100億以上_500億未満
7715,長野計器,東P,71225,712.25,0,5,05_500億以上_1000億未満
7716,ナカニシ,東S,271767,2717.67,0,4,04_1000億以上_5000億未満
7717,ブイ･テクノロジー,東P,59340,593.4,0,5,05_500億以上_1000億未満
7719,東京衡機,東S,3011,30.11,0,7,07_100億未満
7721,東京計器,東P,94603,946.03,0,5,05_500億以上_1000億未満
7722,国際計測器,東S,10678,106.78,0,6,06_100億以上_500億未満
7723,愛知時計電機,東P,44040,440.4,0,6,06_100億以上_500億未満
7725,インターアクション,東P,24171,241.71,0,6,06_100億以上_500億未満
7726,黒田精工,東S,7610,76.1,0,7,07_100億未満
7727,オーバル,東S,16170,161.7,0,6,06_100億以上_500億未満
7729,東京精密,東P,774834,7748.34,1,3,03_5000億以上_1兆未満
7730,マニー,東P,180515,1805.15,0,4,04_1000億以上_5000億未満
7731,ニコン,東P,665170,6651.7,1,3,03_5000億以上_1兆未満
7733,オリンパス,東P,2097463,20974.63,2,2,02_1兆以上_10兆未満
7734,理研計器,東P,179587,1795.87,0,4,04_1000億以上_5000億未満
7735,SCREEN HLDG,東P,2563814,25638.14,3,2,02_1兆以上_10兆未満
7740,タムロン,東P,176266,1762.66,0,4,04_1000億以上_5000億未満
7741,HOYA,東P,8849768,88497.68,9,2,02_1兆以上_10兆未満
7743,シード,東S,14558,145.58,0,6,06_100億以上_500億未満
7744,ノーリツ鋼機,東P,216223,2162.23,0,4,04_1000億以上_5000億未満
7745,A&DホロンHLDG,東P,79916,799.16,0,5,05_500億以上_1000億未満
7746,岡本硝子,東S,21987,219.87,0,6,06_100億以上_500億未満
7747,朝日インテック,東P,995527,9955.27,1,3,03_5000億以上_1兆未満
7749,メディキット,東S,44385,443.85,0,6,06_100億以上_500億未満
7751,キヤノン,東P,5893899,58938.99,6,2,02_1兆以上_10兆未満
7752,リコー,東P,863716,8637.16,1,3,03_5000億以上_1兆未満
7760,IMV,東S,41443,414.43,0,6,06_100億以上_500億未満
7762,シチズン時計,東P,554976,5549.76,1,3,03_5000億以上_1兆未満
7769,リズム,東P,30312,303.12,0,6,06_100億以上_500億未満
7771,日本精密,東S,7617,76.17,0,7,07_100億未満
7774,ジャパン･ティッシュエンジニア,東G,23919,239.19,0,6,06_100億以上_500億未満
7775,大研医器,東S,13436,134.36,0,6,06_100億以上_500億未満
7776,セルシード,東G,8889,88.89,0,7,07_100億未満
7777,スリー･ディー･マトリックス,東G,49653,496.53,0,6,06_100億以上_500億未満
7779,CYBERDYNE,東G,46044,460.44,0,6,06_100億以上_500億未満
7780,メニコン,東P,122681,1226.81,0,4,04_1000億以上_5000億未満
7781,平山HLDG,東S,11272,112.72,0,6,06_100億以上_500億未満
7782,シンシア,東S,3102,31.02,0,7,07_100億未満
7791,ドリームベッド,東S,3252,32.52,0,7,07_100億未満
7792,コラントッテ,東G,12936,129.36,0,6,06_100億以上_500億未満
7793,イメージ･マジック,東G,3794,37.94,0,7,07_100億未満
7794,イーディーピー,東G,15552,155.52,0,6,06_100億以上_500億未満
7795,KYORITSU,東S,9404,94.04,0,7,07_100億未満
7800,アミファ,東S,2928,29.28,0,7,07_100億未満
7803,ブシロード,東G,35868,358.68,0,6,06_100億以上_500億未満
7804,ビーアンドピー,東S,4927,49.27,0,7,07_100億未満
7805,プリントネット,東S,4035,40.35,0,7,07_100億未満
7806,MTG,東G,269212,2692.12,0,4,04_1000億以上_5000億未満
7807,幸和製作所,東S,4157,41.57,0,7,07_100億未満
7808,シー･エス･ランバー,東S,4857,48.57,0,7,07_100億未満
7809,壽屋,東S,11347,113.47,0,6,06_100億以上_500億未満
7810,クロスフォー,東S,2998,29.98,0,7,07_100億未満
7811,中本パックス,東S,16486,164.86,0,6,06_100億以上_500億未満
7812,クレステック,東S,6530,65.3,0,7,07_100億未満
7813,プラッツ,東S,3357,33.57,0,7,07_100億未満
7814,日本創発グループ,東S,29937,299.37,0,6,06_100億以上_500億未満
7815,東京ボード工業,東S,966,9.66,0.000966,7,07_100億未満
7818,トランザクション,東P,72629,726.29,0,5,05_500億以上_1000億未満
7819,粧美堂,東S,11050,110.5,0,6,06_100億以上_500億未満
7820,ニホンフラッシュ,東P,17717,177.17,0,6,06_100億以上_500億未満
7821,前田工繊,東P,120639,1206.39,0,4,04_1000億以上_5000億未満
7822,永大産業,東S,11415,114.15,0,6,06_100億以上_500億未満
7823,アートネイチャー,東S,27996,279.96,0,6,06_100億以上_500億未満
7826,フルヤ金属,東P,227745,2277.45,0,4,04_1000億以上_5000億未満
7827,オービス,東S,2872,28.72,0,7,07_100億未満
7831,ウイルコHLDG,東S,1102,11.02,0,7,07_100億未満
7832,バンダイナムコHLDG,東P,2398755,23987.55,2,2,02_1兆以上_10兆未満
7833,アイフィスジャパン,東S,6565,65.65,0,7,07_100億未満
7836,アビックス,東S,2810,28.1,0,7,07_100億未満
7837,アールシーコア,東S,1356,13.56,0,7,07_100億未満
7839,SHOEI,東P,96371,963.71,0,5,05_500億以上_1000億未満
7840,フランスベッドHLDG,東P,41280,412.8,0,6,06_100億以上_500億未満
7841,遠藤製作所,東S,10140,101.4,0,6,06_100億以上_500億未満
7844,マーベラス,東P,27873,278.73,0,6,06_100億以上_500億未満
7846,パイロットコーポレーション,東P,179732,1797.32,0,4,04_1000億以上_5000億未満
7847,グラファイトデザイン,東S,4306,43.06,0,7,07_100億未満
7849,スターツ出版,東S,12826,128.26,0,6,06_100億以上_500億未満
7850,総合商研,東S,2675,26.75,0,7,07_100億未満
7851,カワセコンピュータサプライ,東S,841,8.41,0.000841,7,07_100億未満
7856,萩原工業,東P,24581,245.81,0,6,06_100億以上_500億未満
7857,セキ,東S,5815,58.15,0,7,07_100億未満
7859,アルメディオ,東S,6138,61.38,0,7,07_100億未満
7860,エイベックス,東P,53863,538.63,0,5,05_500億以上_1000億未満
7863,平賀,東S,3594,35.94,0,7,07_100億未満
7864,フジシールインターナショナル,東P,152571,1525.71,0,4,04_1000億以上_5000億未満
7865,ピープル,東S,1562,15.62,0,7,07_100億未満
7867,タカラトミー,東P,276965,2769.65,0,4,04_1000億以上_5000億未満
7868,広済堂HLDG,東P,90058,900.58,0,5,05_500億以上_1000億未満
7871,フクビ化学工業,東S,17916,179.16,0,6,06_100億以上_500億未満
7872,エステールHLDG,東S,6727,67.27,0,7,07_100億未満
7874,レック,東P,32822,328.22,0,6,06_100億以上_500億未満
7875,竹田iPHLDG,東S,12100,121,0,6,06_100億以上_500億未満
7877,永大化工,東S,2812,28.12,0,7,07_100億未満
7878,光･彩,東S,1389,13.89,0,7,07_100億未満
7879,ノダ,東S,11114,111.14,0,6,06_100億以上_500億未満
7883,サンメッセ,東S,6791,67.91,0,7,07_100億未満
7885,タカノ,東S,18582,185.82,0,6,06_100億以上_500億未満
7886,ヤマト モビリティ & Mfg,東S,899,8.99,0.000899,7,07_100億未満
7887,南海プライウッド,東S,7663,76.63,0,7,07_100億未満
7888,三光合成,東P,24029,240.29,0,6,06_100億以上_500億未満
7893,プロネクサス,東P,28631,286.31,0,6,06_100億以上_500億未満
7896,セブン工業,東S,2290,22.9,0,7,07_100億未満
7897,ホクシン,東S,2837,28.37,0,7,07_100億未満
7898,ウッドワン,東S,8563,85.63,0,7,07_100億未満
7901,マツモト,東S,937,9.37,0.000937,7,07_100億未満
7902,ソノコム,東S,5130,51.3,0,7,07_100億未満
7906,ヨネックス,東S,211653,2116.53,0,4,04_1000億以上_5000億未満
7908,キモト,東S,12488,124.88,0,6,06_100億以上_500億未満
7911,TOPPANHLDG,東P,1254270,12542.7,1,2,02_1兆以上_10兆未満
7912,大日本印刷,東P,1177369,11773.69,1,2,02_1兆以上_10兆未満
7914,共同印刷,東P,45480,454.8,0,6,06_100億以上_500億未満
7915,NISSHA,東P,73897,738.97,0,5,05_500億以上_1000億未満
7916,光村印刷,東S,5617,56.17,0,7,07_100億未満
7917,ZACROS,東P,98497,984.97,0,5,05_500億以上_1000億未満
7918,ヴィアHLDG,東S,4745,47.45,0,7,07_100億未満
7919,野崎印刷紙業,東S,4034,40.34,0,7,07_100億未満
7921,TAKARA&COMPANY,東P,37776,377.76,0,6,06_100億以上_500億未満
7922,三光産業,東S,5665,56.65,0,7,07_100億未満
7927,ムトー精工,東S,17097,170.97,0,6,06_100億以上_500億未満
7928,旭化学工業,東S,2349,23.49,0,7,07_100億未満
7931,未来工業,東P,77718,777.18,0,5,05_500億以上_1000億未満
7932,ニッピ,東S,33050,330.5,0,6,06_100億以上_500億未満
7936,アシックス,東P,3205280,32052.8,3,2,02_1兆以上_10兆未満
7937,ツツミ,東S,41998,419.98,0,6,06_100億以上_500億未満
7938,リーガルコーポレーション,東S,6780,67.8,0,7,07_100億未満
7939,研創,東S,2257,22.57,0,7,07_100億未満
7940,ウェーブロックHLDG,東S,11643,116.43,0,6,06_100億以上_500億未満
7942,JSP,東P,67457,674.57,0,5,05_500億以上_1000億未満
7943,ニチハ,東P,98909,989.09,0,5,05_500億以上_1000億未満
7944,ローランド,東P,118018,1180.18,0,4,04_1000億以上_5000億未満
7946,光陽社,東S,1628,16.28,0,7,07_100億未満
7947,エフピコ,東P,200681,2006.81,0,4,04_1000億以上_5000億未満
7949,小松ウオール工業,東P,47017,470.17,0,6,06_100億以上_500億未満
7951,ヤマハ,東P,518560,5185.6,1,3,03_5000億以上_1兆未満
7952,河合楽器製作所,東P,28792,287.92,0,6,06_100億以上_500億未満
7953,菊水化学工業,東S,4881,48.81,0,7,07_100億未満
7955,クリナップ,東P,31924,319.24,0,6,06_100億以上_500億未満
7956,ピジョン,東P,225850,2258.5,0,4,04_1000億以上_5000億未満
7957,フジコピアン,東S,2965,29.65,0,7,07_100億未満
7962,キングジム,東P,25105,251.05,0,6,06_100億以上_500億未満
7963,興研,東S,8932,89.32,0,7,07_100億未満
7965,象印マホービン,東P,100551,1005.51,0,4,04_1000億以上_5000億未満
7966,リンテック,東P,418260,4182.6,0,4,04_1000億以上_5000億未満
7970,信越ポリマー,東P,195239,1952.39,0,4,04_1000億以上_5000億未満
7971,東リ,東S,36378,363.78,0,6,06_100億以上_500億未満
7972,イトーキ,東P,126464,1264.64,0,4,04_1000億以上_5000億未満
7974,任天堂,東P,9360955,93609.55,9,2,02_1兆以上_10兆未満
7975,リヒトラブ,東S,4075,40.75,0,7,07_100億未満
7976,三菱鉛筆,東P,148786,1487.86,0,4,04_1000億以上_5000億未満
7979,松風,東P,67174,671.74,0,5,05_500億以上_1000億未満
7980,重松製作所,東S,5832,58.32,0,7,07_100億未満
7981,タカラスタンダード,東P,186536,1865.36,0,4,04_1000億以上_5000億未満
7983,ミロク,東S,3216,32.16,0,7,07_100億未満
7984,コクヨ,東P,347572,3475.72,0,4,04_1000億以上_5000億未満
7985,ネポン,東S,791,7.91,0.000791,7,07_100億未満
7986,日本アイ･エス･ケイ,東S,3275,32.75,0,7,07_100億未満
7987,ナカバヤシ,東S,15693,156.93,0,6,06_100億以上_500億未満
7988,ニフコ,東P,437215,4372.15,0,4,04_1000億以上_5000億未満
7989,立川ブラインド工業,東P,50269,502.69,0,5,05_500億以上_1000億未満
7990,グローブライド,東P,54287,542.87,0,5,05_500億以上_1000億未満
7991,マミヤ･オーピー,東S,11097,110.97,0,6,06_100億以上_500億未満
7992,セーラー万年筆,東S,3055,30.55,0,7,07_100億未満
7994,オカムラ,東P,222272,2222.72,0,4,04_1000億以上_5000億未満
7995,バルカー,東P,150444,1504.44,0,4,04_1000億以上_5000億未満
7997,クロガネ工作所,東S,1800,18,0,7,07_100億未満
7999,MUTOH HLDG,東S,38265,382.65,0,6,06_100億以上_500億未満
8001,伊藤忠商事,東P,14695889,146958.89,15,1,01_10兆以上
8002,丸紅,東P,8250646,82506.46,8,2,02_1兆以上_10兆未満
8005,スクロール,東P,56099,560.99,0,5,05_500億以上_1000億未満
8006,ユアサ･フナショク,東S,28975,289.75,0,6,06_100億以上_500億未満
8007,高島,東P,25062,250.62,0,6,06_100億以上_500億未満
8008,ヨンドシーHLDG,東P,43577,435.77,0,6,06_100億以上_500億未満
8011,三陽商会,東P,36964,369.64,0,6,06_100億以上_500億未満
8012,長瀬産業,東P,488652,4886.52,0,4,04_1000億以上_5000億未満
8013,ナイガイ,東S,3139,31.39,0,7,07_100億未満
8014,蝶理,東P,98178,981.78,0,5,05_500億以上_1000億未満
8015,豊田通商,東P,6836126,68361.26,7,2,02_1兆以上_10兆未満
8016,オンワードHLDG,東P,100481,1004.81,0,4,04_1000億以上_5000億未満
8018,三共生興,東S,41032,410.32,0,6,06_100億以上_500億未満
8020,兼松,東P,340705,3407.05,0,4,04_1000億以上_5000億未満
8022,美津濃,東P,246380,2463.8,0,4,04_1000億以上_5000億未満
8023,DAIKO XTECH,東S,13217,132.17,0,6,06_100億以上_500億未満
8025,ツカモトコーポレーション,東S,4920,49.2,0,7,07_100億未満
8029,ルックHLDG,東S,20571,205.71,0,6,06_100億以上_500億未満
8030,中央魚類,東S,14694,146.94,0,6,06_100億以上_500億未満
8031,三井物産,東P,14440786,144407.86,14,1,01_10兆以上
8032,日本紙パルプ商事,東P,127909,1279.09,0,4,04_1000億以上_5000億未満
8035,東京エレクトロン,東P,29794962,297949.62,30,1,01_10兆以上
8037,カメイ,東P,112503,1125.03,0,4,04_1000億以上_5000億未満
8039,築地魚市場,東S,8259,82.59,0,7,07_100億未満
8040,東京ソワール,東S,4007,40.07,0,7,07_100億未満
8041,OUG HLDG,東S,23695,236.95,0,6,06_100億以上_500億未満
8043,スターゼン,東P,67060,670.6,0,5,05_500億以上_1000億未満
8045,横浜丸魚,東S,11822,118.22,0,6,06_100億以上_500億未満
8046,丸藤シートパイル,東S,16340,163.4,0,6,06_100億以上_500億未満
8050,セイコーグループ,東P,579660,5796.6,1,3,03_5000億以上_1兆未満
8051,山善,東P,159160,1591.6,0,4,04_1000億以上_5000億未満
8052,椿本興業,東P,51620,516.2,0,5,05_500億以上_1000億未満
8053,住友商事,東P,8096904,80969.04,8,2,02_1兆以上_10兆未満
8056,BIPROGY,東P,447396,4473.96,0,4,04_1000億以上_5000億未満
8057,内田洋行,東P,100912,1009.12,0,4,04_1000億以上_5000億未満
8058,三菱商事,東P,18166750,181667.5,18,1,01_10兆以上
8059,第一実業,東P,98605,986.05,0,5,05_500億以上_1000億未満
8060,キヤノンマーケティングジャパン,東P,792000,7920,1,3,03_5000億以上_1兆未満
8061,西華産業,東P,108446,1084.46,0,4,04_1000億以上_5000億未満
8065,佐藤商事,東P,71501,715.01,0,5,05_500億以上_1000億未満
8066,三谷商事,東S,222040,2220.4,0,4,04_1000億以上_5000億未満
8070,東京産業,東P,22341,223.41,0,6,06_100億以上_500億未満
8074,YUASA,東P,118235,1182.35,0,4,04_1000億以上_5000億未満
8075,神鋼商事,東P,61723,617.23,0,5,05_500億以上_1000億未満
8076,カノークス,東S,21641,216.41,0,6,06_100億以上_500億未満
8077,トルク,東S,5332,53.32,0,7,07_100億未満
8078,阪和興業,東P,364484,3644.84,0,4,04_1000億以上_5000億未満
8079,正栄食品工業,東P,66604,666.04,0,5,05_500億以上_1000億未満
8081,カナデン,東P,56520,565.2,0,5,05_500億以上_1000億未満
8084,RYODEN,東P,84935,849.35,0,5,05_500億以上_1000億未満
8085,ナラサキ産業,東S,21249,212.49,0,6,06_100億以上_500億未満
8086,ニプロ,東P,295253,2952.53,0,4,04_1000億以上_5000億未満
8088,岩谷産業,東P,464745,4647.45,0,4,04_1000億以上_5000億未満
8089,ナイス,東S,22548,225.48,0,6,06_100億以上_500億未満
8091,ニチモウ,東P,19441,194.41,0,6,06_100億以上_500億未満
8093,極東貿易,東P,20903,209.03,0,6,06_100億以上_500億未満
8095,アステナHLDG,東P,19479,194.79,0,6,06_100億以上_500億未満
8097,三愛オブリ,東P,130788,1307.88,0,4,04_1000億以上_5000億未満
8098,稲畑産業,東P,204382,2043.82,0,4,04_1000億以上_5000億未満
8101,GSIクレオス,東P,28796,287.96,0,6,06_100億以上_500億未満
8103,明和産業,東P,35573,355.73,0,6,06_100億以上_500億未満
8104,クワザワHLDG,東S,10601,106.01,0,6,06_100億以上_500億未満
8105,Bitcoin Japan,東S,19610,196.1,0,6,06_100億以上_500億未満
8107,キムラタン,東S,8813,88.13,0,7,07_100億未満
8111,ゴールドウイン,東P,296788,2967.88,0,4,04_1000億以上_5000億未満
8113,ユニ･チャーム,東P,1648874,16488.74,2,2,02_1兆以上_10兆未満
8115,ムーンバット,東S,7845,78.45,0,7,07_100億未満
8117,中央自動車工業,東S,123483,1234.83,0,4,04_1000億以上_5000億未満
8118,キング,東S,27051,270.51,0,6,06_100億以上_500億未満
8119,三栄コーポレーション,東S,7700,77,0,7,07_100億未満
8123,川辺,東S,2443,24.43,0,7,07_100億未満
8125,ワキタ,東P,84743,847.43,0,5,05_500億以上_1000億未満
8127,ヤマトインターナショナル,東S,12441,124.41,0,6,06_100億以上_500億未満
8129,東邦HLDG,東P,298092,2980.92,0,4,04_1000億以上_5000億未満
8130,サンゲツ,東P,168898,1688.98,0,4,04_1000億以上_5000億未満
8131,ミツウロコグループHLDG,東S,100599,1005.99,0,4,04_1000億以上_5000億未満
8132,シナネンHLDG,東P,84285,842.85,0,5,05_500億以上_1000億未満
8133,伊藤忠エネクス,東P,225814,2258.14,0,4,04_1000億以上_5000億未満
8135,ゼット,東S,8202,82.02,0,7,07_100億未満
8136,サンリオ,東P,1175773,11757.73,1,2,02_1兆以上_10兆未満
8137,サンワテクノス,東P,60807,608.07,0,5,05_500億以上_1000億未満
8138,三京化成,東S,4588,45.88,0,7,07_100億未満
8139,ナガホリ,東S,37187,371.87,0,6,06_100億以上_500億未満
8141,新光商事,東P,49121,491.21,0,6,06_100億以上_500億未満
8142,トーホー,東P,42452,424.52,0,6,06_100億以上_500億未満
8143,ラピーヌ,東S,447,4.47,0.000447,7,07_100億未満
8144,デンキョーグループHLDG,東S,8771,87.71,0,7,07_100億未満
8147,トミタ,東S,7587,75.87,0,7,07_100億未満
8150,三信電気,東P,45588,455.88,0,6,06_100億以上_500億未満
8151,東陽テクニカ,東P,55065,550.65,0,5,05_500億以上_1000億未満
8152,ソマール,東S,14318,143.18,0,6,06_100億以上_500億未満
8153,モスフードサービス,東P,110434,1104.34,0,4,04_1000億以上_5000億未満
8154,加賀電子,東P,261384,2613.84,0,4,04_1000億以上_5000億未満
8157,都築電気,東P,76671,766.71,0,5,05_500億以上_1000億未満
8158,ソーダニッカ,東P,25311,253.11,0,6,06_100億以上_500億未満
8159,立花エレテック,東P,79831,798.31,0,5,05_500億以上_1000億未満
8160,木曽路,東P,64052,640.52,0,5,05_500億以上_1000億未満
8163,SRS HLDG,東P,47276,472.76,0,6,06_100億以上_500億未満
8165,千趣会,東S,6143,61.43,0,7,07_100億未満
8166,タカキュー,東S,3300,33,0,7,07_100億未満
8167,リテールパートナーズ,東P,57655,576.55,0,5,05_500億以上_1000億未満
8173,Joshin,東P,94500,945,0,5,05_500億以上_1000億未満
8174,日本瓦斯,東P,293629,2936.29,0,4,04_1000億以上_5000億未満
8179,ロイヤルHLDG,東P,119868,1198.68,0,4,04_1000億以上_5000億未満
8181,東天紅,東S,2493,24.93,0,7,07_100億未満
8185,チヨダ,東P,32367,323.67,0,6,06_100億以上_500億未満
8194,ライフコーポレーション,東P,227612,2276.12,0,4,04_1000億以上_5000億未満
8198,マックスバリュ東海,東S,103435,1034.35,0,4,04_1000億以上_5000億未満
8200,リンガーハット,東P,52970,529.7,0,5,05_500億以上_1000億未満
8202,ラオックスHLDG,東S,13814,138.14,0,6,06_100億以上_500億未満
8203,MrMaxHD,東P,28045,280.45,0,6,06_100億以上_500億未満
8207,テンアライド,東S,11369,113.69,0,6,06_100億以上_500億未満
8214,AOKI HLDG,東P,135866,1358.66,0,4,04_1000億以上_5000億未満
8217,オークワ,東P,32250,322.5,0,6,06_100億以上_500億未満
8218,コメリ,東P,187794,1877.94,0,4,04_1000億以上_5000億未満
8219,青山商事,東P,100990,1009.9,0,4,04_1000億以上_5000億未満
8225,タカチホ,東S,2383,23.83,0,7,07_100億未満
8226,理経,東S,6268,62.68,0,7,07_100億未満
8227,シマムラ,東P,721581,7215.81,1,3,03_5000億以上_1兆未満
8230,ハセガワ,東S,5706,57.06,0,7,07_100億未満
8233,高島屋,東P,611028,6110.28,1,3,03_5000億以上_1兆未満
8237,松屋,東P,82332,823.32,0,5,05_500億以上_1000億未満
8242,エイチ･ツー･オー リテイリン,東P,318825,3188.25,0,4,04_1000億以上_5000億未満
8244,近鉄百貨店,東S,69796,697.96,0,5,05_500億以上_1000億未満
8247,大和,東S,1627,16.27,0,7,07_100億未満
8252,丸井グループ,東P,493495,4934.95,0,4,04_1000億以上_5000億未満
8253,クレディセゾン,東P,651660,6516.6,1,3,03_5000億以上_1兆未満
8254,サイカ屋,東S,2370,23.7,0,7,07_100億未満
8255,アクシアル リテイリング,東P,95330,953.3,0,5,05_500億以上_1000億未満
8260,井筒屋,東S,4305,43.05,0,7,07_100億未満
8267,イオン,東P,3717403,37174.03,4,2,02_1兆以上_10兆未満
8273,イズミ,東P,193711,1937.11,0,4,04_1000億以上_5000億未満
8275,フォーバル,東S,27733,277.33,0,6,06_100億以上_500億未満
8276,平和堂,東P,128196,1281.96,0,4,04_1000億以上_5000億未満
8278,フジ,東P,165028,1650.28,0,4,04_1000億以上_5000億未満
8281,ゼビオHLDG,東P,48630,486.3,0,6,06_100億以上_500億未満
8282,ケーズHLDG,東P,351372,3513.72,0,4,04_1000億以上_5000億未満
8283,PALTAC,東P,411184,4111.84,0,4,04_1000億以上_5000億未満
8285,三谷産業,東S,38855,388.55,0,6,06_100億以上_500億未満
8289,Olympicグループ,東S,22584,225.84,0,6,06_100億以上_500億未満
8291,日産東京販売HLDG,東S,34198,341.98,0,6,06_100億以上_500億未満
8303,SBI新生銀行,東P,1269819,12698.19,1,2,02_1兆以上_10兆未満
8304,アオゾラ銀行,東P,361076,3610.76,0,4,04_1000億以上_5000億未満
8306,三菱UFJ FG,東P,37608773,376087.73,38,1,01_10兆以上
8308,リソナHLDG,東P,4838066,48380.66,5,2,02_1兆以上_10兆未満
8309,三井住友トラストグループ,東P,4001403,40014.03,4,2,02_1兆以上_10兆未満
8316,三井住友FG,東P,23458735,234587.35,23,1,01_10兆以上
8331,千葉銀行,東P,1847679,18476.79,2,2,02_1兆以上_10兆未満
8334,群馬銀行,東P,881049,8810.49,1,3,03_5000億以上_1兆未満
8336,武蔵野銀行,東P,241421,2414.21,0,4,04_1000億以上_5000億未満
8337,千葉興業銀行,東P,147715,1477.15,0,4,04_1000億以上_5000億未満
8338,筑波銀行,東P,50275,502.75,0,5,05_500億以上_1000億未満
8341,七十七銀行,東P,722327,7223.27,1,3,03_5000億以上_1兆未満
8343,秋田銀行,東P,105667,1056.67,0,4,04_1000億以上_5000億未満
8344,山形銀行,東P,97776,977.76,0,5,05_500億以上_1000億未満
8345,岩手銀行,東P,139917,1399.17,0,4,04_1000億以上_5000億未満
8346,東邦銀行,東P,187860,1878.6,0,4,04_1000億以上_5000億未満
8349,東北銀行,東S,12734,127.34,0,6,06_100億以上_500億未満
8354,フクオカFG,東P,1289610,12896.1,1,2,02_1兆以上_10兆未満
8358,スルガ銀行,東P,388863,3888.63,0,4,04_1000億以上_5000億未満
8359,八十二長野銀行,東P,1157144,11571.44,1,2,02_1兆以上_10兆未満
8360,山梨中央銀行,東P,192436,1924.36,0,4,04_1000億以上_5000億未満
8361,大垣共立銀行,東P,296817,2968.17,0,4,04_1000億以上_5000億未満
8362,福井銀行,東P,129174,1291.74,0,4,04_1000億以上_5000億未満
8364,清水銀行,東P,28184,281.84,0,6,06_100億以上_500億未満
8365,富山銀行,東S,11172,111.72,0,6,06_100億以上_500億未満
8366,滋賀銀行,東P,498454,4984.54,0,4,04_1000億以上_5000億未満
8367,南都銀行,東P,273452,2734.52,0,4,04_1000億以上_5000億未満
8368,百五銀行,東P,482826,4828.26,0,4,04_1000億以上_5000億未満
8370,紀陽銀行,東P,287371,2873.71,0,4,04_1000億以上_5000億未満
8377,ホクホクFG,東P,774805,7748.05,1,3,03_5000億以上_1兆未満
8381,山陰合同銀行,東P,327769,3277.69,0,4,04_1000億以上_5000億未満
8383,鳥取銀行,東S,13968,139.68,0,6,06_100億以上_500億未満
8386,百十四銀行,東P,275192,2751.92,0,4,04_1000億以上_5000億未満
8387,四国銀行,東P,115158,1151.58,0,4,04_1000億以上_5000億未満
8388,阿波銀行,東P,265200,2652,0,4,04_1000億以上_5000億未満
8392,大分銀行,東P,173415,1734.15,0,4,04_1000億以上_5000億未満
8393,宮崎銀行,東P,164481,1644.81,0,4,04_1000億以上_5000億未満
8395,佐賀銀行,東P,88067,880.67,0,5,05_500億以上_1000億未満
8399,琉球銀行,東P,106004,1060.04,0,4,04_1000億以上_5000億未満
8410,セブン銀行,東P,323720,3237.2,0,4,04_1000億以上_5000億未満
8411,ミズホFG,東P,18675451,186754.51,19,1,01_10兆以上
8416,高知銀行,東S,12734,127.34,0,6,06_100億以上_500億未満
8418,山口FG,東P,641737,6417.37,1,3,03_5000億以上_1兆未満
8424,芙蓉総合リース,東P,369814,3698.14,0,4,04_1000億以上_5000億未満
8425,ミズホリース,東P,347397,3473.97,0,4,04_1000億以上_5000億未満
8439,東京センチュリー,東P,1159173,11591.73,1,2,02_1兆以上_10兆未満
8473,SBI HLDG,東P,1887528,18875.28,2,2,02_1兆以上_10兆未満
8508,Jトラスト,東S,97200,972,0,5,05_500億以上_1000億未満
8511,日本証券金融,東P,188659,1886.59,0,4,04_1000億以上_5000億未満
8518,日本アジア投資,東S,3831,38.31,0,7,07_100億未満
8522,名古屋銀行,東P,280895,2808.95,0,4,04_1000億以上_5000億未満
8524,北洋銀行,東P,372011,3720.11,0,4,04_1000億以上_5000億未満
8537,大光銀行,東S,26674,266.74,0,6,06_100億以上_500億未満
8541,愛媛銀行,東P,76725,767.25,0,5,05_500億以上_1000億未満
8542,トマト銀行,東S,16818,168.18,0,6,06_100億以上_500億未満
8544,京葉銀行,東P,313794,3137.94,0,4,04_1000億以上_5000億未満
8550,栃木銀行,東P,101826,1018.26,0,4,04_1000億以上_5000億未満
8551,北日本銀行,東P,44583,445.83,0,6,06_100億以上_500億未満
8558,東和銀行,東P,48011,480.11,0,6,06_100億以上_500億未満
8562,福島銀行,東S,11831,118.31,0,6,06_100億以上_500億未満
8563,大東銀行,東S,12079,120.79,0,6,06_100億以上_500億未満
8566,リコーリース,東P,183710,1837.1,0,4,04_1000億以上_5000億未満
8570,イオンフィナンシャルサービス,東P,309758,3097.58,0,4,04_1000億以上_5000億未満
8572,アコム,東S,692600,6926,1,3,03_5000億以上_1兆未満
8584,ジャックス,東P,151852,1518.52,0,4,04_1000億以上_5000億未満
8585,オリエントコーポレーション,東P,142495,1424.95,0,4,04_1000億以上_5000億未満
8591,オリックス,東P,7025669,70256.69,7,2,02_1兆以上_10兆未満
8593,三菱HCキャピタル,東P,1846109,18461.09,2,2,02_1兆以上_10兆未満
8595,ジャフコ グループ,東P,119540,1195.4,0,4,04_1000億以上_5000億未満
8596,九州リースサービス,東S,35762,357.62,0,6,06_100億以上_500億未満
8600,トモニHLDG,東P,165084,1650.84,0,4,04_1000億以上_5000億未満
8601,大和証券グループ本社,東P,2405073,24050.73,2,2,02_1兆以上_10兆未満
8604,野村HLDG,東P,4168016,41680.16,4,2,02_1兆以上_10兆未満
8609,岡三証券グループ,東P,216650,2166.5,0,4,04_1000億以上_5000億未満
8613,丸三証券,東P,70364,703.64,0,5,05_500億以上_1000億未満
8614,東洋証券,東P,44031,440.31,0,6,06_100億以上_500億未満
8616,東海東京フィナンシャルHLDG,東P,182668,1826.68,0,4,04_1000億以上_5000億未満
8617,光世証券,東S,5066,50.66,0,7,07_100億未満
8622,水戸証券,東P,41384,413.84,0,6,06_100億以上_500億未満
8624,イチヨシ証券,東P,48097,480.97,0,6,06_100億以上_500億未満
8628,松井証券,東P,242931,2429.31,0,4,04_1000億以上_5000億未満
8630,SOMPO HLDG,東P,5394237,53942.37,5,2,02_1兆以上_10兆未満
8697,日本取引所グループ,東P,2103810,21038.1,2,2,02_1兆以上_10兆未満
8698,マネックスグループ,東P,158538,1585.38,0,4,04_1000億以上_5000億未満
8699,HSHLDG,東S,46237,462.37,0,6,06_100億以上_500億未満
8700,丸八証券,東S,6986,69.86,0,7,07_100億未満
8704,トレイダーズHLDG,東S,32729,327.29,0,6,06_100億以上_500億未満
8705,日産証券グループ,東S,12546,125.46,0,6,06_100億以上_500億未満
8706,極東証券,東P,49988,499.88,0,6,06_100億以上_500億未満
8707,岩井コスモHLDG,東P,95049,950.49,0,5,05_500億以上_1000億未満
8708,アイザワ証券グループ,東P,55652,556.52,0,5,05_500億以上_1000億未満
8713,フィデアHLDG,東P,35214,352.14,0,6,06_100億以上_500億未満
8714,池田泉州HLDG,東P,273702,2737.02,0,4,04_1000億以上_5000億未満
8715,アニコムHD,東P,90676,906.76,0,5,05_500億以上_1000億未満
8725,MS&ADインシュアランスHD,東P,6338868,63388.68,6,2,02_1兆以上_10兆未満
8729,ソニーフィナンシャルグループ,東P,958006,9580.06,1,3,03_5000億以上_1兆未満
8737,アカツキ本社,東S,20009,200.09,0,6,06_100億以上_500億未満
8739,スパークス･グループ,東P,88329,883.29,0,5,05_500億以上_1000億未満
8742,小林洋行,東S,6968,69.68,0,7,07_100億未満
8746,unbanked,東S,3236,32.36,0,7,07_100億未満
8747,豊トラスティ証券,東S,18596,185.96,0,6,06_100億以上_500億未満
8750,第一ライフグループ,東P,5967072,59670.72,6,2,02_1兆以上_10兆未満
8766,東京海上HLDG,東P,13421960,134219.6,13,1,01_10兆以上
8769,アドバンテッジリスクマネジメン,東S,7928,79.28,0,7,07_100億未満
8771,イー･ギャランティ,東P,73307,733.07,0,5,05_500億以上_1000億未満
8772,アサックス,東S,25560,255.6,0,6,06_100億以上_500億未満
8783,abc,東S,4311,43.11,0,7,07_100億未満
8789,フィンテック グローバル,東S,24360,243.6,0,6,06_100億以上_500億未満
8793,NECキャピタルソリューション,東P,85013,850.13,0,5,05_500億以上_1000億未満
8795,T&D HLDG,東P,2013000,20130,2,2,02_1兆以上_10兆未満
8798,アドバンスクリエイト,東P,5208,52.08,0,7,07_100億未満
8801,三井不動産,東P,3989452,39894.52,4,2,02_1兆以上_10兆未満
8802,三菱地所,東P,4784947,47849.47,5,2,02_1兆以上_10兆未満
8803,平和不動産,東P,161713,1617.13,0,4,04_1000億以上_5000億未満
8804,東京建物,東P,652845,6528.45,1,3,03_5000億以上_1兆未満
8818,京阪神ビルディング,東P,99185,991.85,0,5,05_500億以上_1000億未満
8830,住友不動産,東P,3292848,32928.48,3,2,02_1兆以上_10兆未満
8835,太平洋興発,東S,5892,58.92,0,7,07_100億未満
8836,RISE,東S,2304,23.04,0,7,07_100億未満
8841,テーオーシー,東S,85778,857.78,0,5,05_500億以上_1000億未満
8844,コスモスイニシア,東S,39608,396.08,0,6,06_100億以上_500億未満
8848,レオパレス21,東P,204662,2046.62,0,4,04_1000億以上_5000億未満
8850,スターツコーポレーション,東P,240292,2402.92,0,4,04_1000億以上_5000億未満
8860,フジ住宅,東P,27122,271.22,0,6,06_100億以上_500億未満
8864,空港施設,東S,44725,447.25,0,6,06_100億以上_500億未満
8869,明和地所,東S,18102,181.02,0,6,06_100億以上_500億未満
8871,ゴールドクレスト,東S,115224,1152.24,0,4,04_1000億以上_5000億未満
8876,リログループ,東P,271374,2713.74,0,4,04_1000億以上_5000億未満
8877,エスリード,東P,74544,745.44,0,5,05_500億以上_1000億未満
8881,日神グループHLDG,東P,29110,291.1,0,6,06_100億以上_500億未満
8887,シーラHLDG,東S,14457,144.57,0,6,06_100億以上_500億未満
8891,AMGHLDG,東S,4929,49.29,0,7,07_100億未満
8892,エスコン,東P,105087,1050.87,0,4,04_1000億以上_5000億未満
8894,REVOLUTION,東S,3834,38.34,0,7,07_100億未満
8897,MIRARTHHLDG,東P,55866,558.66,0,5,05_500億以上_1000億未満
8898,センチュリー21･ジャパン,東S,12650,126.5,0,6,06_100億以上_500億未満
8904,AVANTIA,東S,12086,120.86,0,6,06_100億以上_500億未満
8908,毎日コムネット,東S,14850,148.5,0,6,06_100億以上_500億未満
8912,エリアクエスト,東S,2966,29.66,0,7,07_100億未満
8914,エリアリンク,東S,46018,460.18,0,6,06_100億以上_500億未満
8917,ファースト住建,東S,17122,171.22,0,6,06_100億以上_500億未満
8918,ランド,東S,15451,154.51,0,6,06_100億以上_500億未満
8919,カチタス,東P,270951,2709.51,0,4,04_1000億以上_5000億未満
8920,東祥,東S,26974,269.74,0,6,06_100億以上_500億未満
8923,トーセイ,東P,149459,1494.59,0,4,04_1000億以上_5000億未満
8927,明豊エンタープライズ,東S,13511,135.11,0,6,06_100億以上_500億未満
8928,穴吹興産,東S,27178,271.78,0,6,06_100億以上_500億未満
8929,青山財産ネットワークス,東S,32341,323.41,0,6,06_100億以上_500億未満
8931,和田興産,東S,13753,137.53,0,6,06_100億以上_500億未満
8934,サンフロンティア不動産,東P,130659,1306.59,0,4,04_1000億以上_5000億未満
8935,FJネクストHLDG,東P,59696,596.96,0,5,05_500億以上_1000億未満
8938,グロームHLDG,東G,3299,32.99,0,7,07_100億未満
8944,ランドビジネス,東S,5603,56.03,0,7,07_100億未満
8945,サンネクスタグループ,東S,12178,121.78,0,6,06_100億以上_500億未満
8946,ASIAN STAR,東S,1762,17.62,0,7,07_100億未満
8995,誠建設工業,東S,2155,21.55,0,7,07_100億未満
8996,ハウスフリーダム,東S,3950,39.5,0,7,07_100億未満
8999,グランディハウス,東P,15627,156.27,0,6,06_100億以上_500億未満
9001,東武鉄道,東P,559251,5592.51,1,3,03_5000億以上_1兆未満
9003,相鉄HLDG,東P,231525,2315.25,0,4,04_1000億以上_5000億未満
9005,東急,東P,1042283,10422.83,1,2,02_1兆以上_10兆未満
9006,京浜急行電鉄,東P,397785,3977.85,0,4,04_1000億以上_5000億未満
9007,小田急電鉄,東P,607653,6076.53,1,3,03_5000億以上_1兆未満
9008,京王電鉄,東P,428672,4286.72,0,4,04_1000億以上_5000億未満
9009,京成電鉄,東P,539216,5392.16,1,3,03_5000億以上_1兆未満
9010,富士急行,東P,110648,1106.48,0,4,04_1000億以上_5000億未満
9012,秩父鉄道,東S,3172,31.72,0,7,07_100億未満
9017,新潟交通,東S,7662,76.62,0,7,07_100億未満
9020,東日本旅客鉄道,東P,3720871,37208.71,4,2,02_1兆以上_10兆未満
9021,西日本旅客鉄道,東P,1125009,11250.09,1,2,02_1兆以上_10兆未満
9022,東海旅客鉄道,東P,3300881,33008.81,3,2,02_1兆以上_10兆未満
9023,東京地下鉄,東P,795970,7959.7,1,3,03_5000億以上_1兆未満
9024,西武HLDG,東P,810305,8103.05,1,3,03_5000億以上_1兆未満
9025,鴻池運輸,東P,151493,1514.93,0,4,04_1000億以上_5000億未満
9028,ゼロ,東S,64973,649.73,0,5,05_500億以上_1000億未満
9029,ヒガシHLDG,東S,25334,253.34,0,6,06_100億以上_500億未満
9031,西日本鉄道,東P,218201,2182.01,0,4,04_1000億以上_5000億未満
9033,広島電鉄,東S,18724,187.24,0,6,06_100億以上_500億未満
9034,南総通運,東S,15820,158.2,0,6,06_100億以上_500億未満
9036,東部ネットワーク,東S,7502,75.02,0,7,07_100億未満
9037,ハマキョウレックス,東P,141525,1415.25,0,4,04_1000億以上_5000億未満
9039,サカイ引越センター,東P,119862,1198.62,0,4,04_1000億以上_5000億未満
9041,近鉄グループHLDG,東P,683905,6839.05,1,3,03_5000億以上_1兆未満
9042,阪急阪神HLDG,東P,1110616,11106.16,1,2,02_1兆以上_10兆未満
9044,NANKAI,東P,287326,2873.26,0,4,04_1000億以上_5000億未満
9045,京阪HLDG,東P,343308,3433.08,0,4,04_1000億以上_5000億未満
9046,神戸電鉄,東S,18808,188.08,0,6,06_100億以上_500億未満
9048,名古屋鉄道,東P,360749,3607.49,0,4,04_1000億以上_5000億未満
9049,京福電気鉄道,東S,14360,143.6,0,6,06_100億以上_500億未満
9051,センコン物流,東S,7273,72.73,0,7,07_100億未満
9052,山陽電気鉄道,東P,41669,416.69,0,6,06_100億以上_500億未満
9057,遠州トラック,東S,23921,239.21,0,6,06_100億以上_500億未満
9059,カンダHLDG,東S,20442,204.42,0,6,06_100億以上_500億未満
9060,日本ロジテム,東S,5741,57.41,0,7,07_100億未満
9063,岡山県貨物運送,東S,8514,85.14,0,7,07_100億未満
9064,ヤマトHLDG,東P,649074,6490.74,1,3,03_5000億以上_1兆未満
9065,山九,東P,459505,4595.05,0,4,04_1000億以上_5000億未満
9067,丸運,東S,27285,272.85,0,6,06_100億以上_500億未満
9068,丸全昭和運輸,東P,154018,1540.18,0,4,04_1000億以上_5000億未満
9069,センコーグループHLDG,東P,334255,3342.55,0,4,04_1000億以上_5000億未満
9072,ニッコンHLDG,東P,761029,7610.29,1,3,03_5000億以上_1兆未満
9073,京極運輸商事,東S,3396,33.96,0,7,07_100億未満
9074,日本石油輸送,東S,18941,189.41,0,6,06_100億以上_500億未満
9075,福山通運,東P,268088,2680.88,0,4,04_1000億以上_5000億未満
9076,セイノーHLDG,東P,504108,5041.08,1,3,03_5000億以上_1兆未満
9081,神奈川中央交通,東P,41895,418.95,0,6,06_100億以上_500億未満
9082,大和自動車交通,東S,6505,65.05,0,7,07_100億未満
9083,神姫バス,東S,24219,242.19,0,6,06_100億以上_500億未満
9087,タカセ,東S,4534,45.34,0,7,07_100億未満
9090,AZ−COM丸和HLDG,東P,105558,1055.58,0,4,04_1000億以上_5000億未満
9101,日本郵船,東P,2204139,22041.39,2,2,02_1兆以上_10兆未満
9104,商船三井,東P,2008933,20089.33,2,2,02_1兆以上_10兆未満
9107,川崎汽船,東P,1652899,16528.99,2,2,02_1兆以上_10兆未満
9110,NSユナイテッド海運,東P,174267,1742.67,0,4,04_1000億以上_5000億未満
9115,明海グループ,東S,35964,359.64,0,6,06_100億以上_500億未満
9119,飯野海運,東P,159212,1592.12,0,4,04_1000億以上_5000億未満
9127,玉井商船,東S,5583,55.83,0,7,07_100億未満
9130,共栄タンカー,東S,10350,103.5,0,6,06_100億以上_500億未満
9142,九州旅客鉄道,東P,525652,5256.52,1,3,03_5000億以上_1兆未満
9143,SG HLDG,東P,906798,9067.98,1,3,03_5000億以上_1兆未満
9145,ビーイングHLDG,東S,13544,135.44,0,6,06_100億以上_500億未満
9147,NIPPON EXPRESS,東P,1236141,12361.41,1,2,02_1兆以上_10兆未満
9158,シーユーシー,東G,24142,241.42,0,6,06_100億以上_500億未満
9159,W TOKYO,東G,5305,53.05,0,7,07_100億未満
9160,オンザページ,東S,10812,108.12,0,6,06_100億以上_500億未満
9162,ブリーチ,東G,6098,60.98,0,7,07_100億未満
9163,ナレルグループ,東G,18357,183.57,0,6,06_100億以上_500億未満
9165,クオルテック,東G,4232,42.32,0,7,07_100億未満
9166,GENDA,東G,115338,1153.38,0,4,04_1000億以上_5000億未満
9168,ライズ･コンサルティング･グル,東G,9881,98.81,0,7,07_100億未満
9171,栗林商船,東S,22282,222.82,0,6,06_100億以上_500億未満
9173,東海汽船,東S,6596,65.96,0,7,07_100億未満
9193,東京汽船,東S,8939,89.39,0,7,07_100億未満
9201,日本航空,東P,1157556,11575.56,1,2,02_1兆以上_10兆未満
9202,ANA HLDG,東P,1476149,14761.49,1,2,02_1兆以上_10兆未満
9204,スカイマーク,東G,24313,243.13,0,6,06_100億以上_500億未満
9206,スターフライヤー,東S,7269,72.69,0,7,07_100億未満
9211,エフ･コード,東G,17964,179.64,0,6,06_100億以上_500億未満
9212,Green Earth Ins,東G,3396,33.96,0,7,07_100億未満
9213,セイファート,東S,1368,13.68,0,7,07_100億未満
9214,Recovery Intern,東G,1809,18.09,0,7,07_100億未満
9215,CaSy,東G,1708,17.08,0,7,07_100億未満
9216,ビーウィズ,東P,20379,203.79,0,6,06_100億以上_500億未満
9218,メンタルヘルステクノロジーズ,東G,7103,71.03,0,7,07_100億未満
9219,ギックス,東G,5048,50.48,0,7,07_100億未満
9220,エフビー介護サービス,東S,2975,29.75,0,7,07_100億未満
9221,フルハシEPO,東S,13335,133.35,0,6,06_100億以上_500億未満
9223,ASNOVA,東G,4863,48.63,0,7,07_100億未満
9225,ブリッジコンサルティンググルー,東G,2144,21.44,0,7,07_100億未満
9227,マイクロ波化学,東G,14107,141.07,0,6,06_100億以上_500億未満
9229,サンウェルズ,東P,5318,53.18,0,7,07_100億未満
9233,アジア航測,東S,20531,205.31,0,6,06_100億以上_500億未満
9235,売レルネット広告社グループ,東G,4222,42.22,0,7,07_100億未満
9236,ジャパンM&Aソリューション,東G,1489,14.89,0,7,07_100億未満
9237,笑美面,東G,2159,21.59,0,7,07_100億未満
9238,バリュークリエーション,東G,1135,11.35,0,7,07_100億未満
9240,デリバリーコンサルティング,東G,2090,20.9,0,7,07_100億未満
9241,フューチャーリンクネットワーク,東G,1075,10.75,0,7,07_100億未満
9242,メディア総研,東G,2226,22.26,0,7,07_100億未満
9244,デジタリフト,東G,1650,16.5,0,7,07_100億未満
9245,リベロ,東G,10397,103.97,0,6,06_100億以上_500億未満
9246,プロジェクトHLDG,東G,5581,55.81,0,7,07_100億未満
9247,TRE HLDG,東P,90490,904.9,0,5,05_500億以上_1000億未満
9248,人･夢･技術グループ,東S,14096,140.96,0,6,06_100億以上_500億未満
9249,日本エコシステム,東S,13810,138.1,0,6,06_100億以上_500億未満
9250,GRCS,東G,1411,14.11,0,7,07_100億未満
9251,AB&Company,東G,18403,184.03,0,6,06_100億以上_500億未満
9252,ラストワンマイル,東G,9681,96.81,0,7,07_100億未満
9253,スローガン,東G,2059,20.59,0,7,07_100億未満
9254,ラバブルマーケティンググループ,東G,2024,20.24,0,7,07_100億未満
9256,サクシード,東G,10561,105.61,0,6,06_100億以上_500億未満
9257,YCPHLDG(グローバル),東G,17343,173.43,0,6,06_100億以上_500億未満
9258,CS−C,東G,2039,20.39,0,7,07_100億未満
9259,タカヨシHLDG,東G,4472,44.72,0,7,07_100億未満
9262,シルバーライフ,東S,8032,80.32,0,7,07_100億未満
9264,ポエック,東S,7446,74.46,0,7,07_100億未満
9265,ヤマシタヘルスケアHLDG,東S,7480,74.8,0,7,07_100億未満
9267,Genky DrugStore,東P,101939,1019.39,0,4,04_1000億以上_5000億未満
9268,オプティマスグループ,東S,29039,290.39,0,6,06_100億以上_500億未満
9270,バリュエンスHLDG,東G,33409,334.09,0,6,06_100億以上_500億未満
9271,和心,東G,6493,64.93,0,7,07_100億未満
9272,ブティックス,東G,14509,145.09,0,6,06_100億以上_500億未満
9273,コーア商事HLDG,東P,31548,315.48,0,6,06_100億以上_500億未満
9274,KPPグループHLDG,東P,62066,620.66,0,5,05_500億以上_1000億未満
9278,ブックオフグループHLDG,東P,38485,384.85,0,6,06_100億以上_500億未満
9279,ギフトHLDG,東P,76484,764.84,0,5,05_500億以上_1000億未満
9301,三菱倉庫,東P,546824,5468.24,1,3,03_5000億以上_1兆未満
9302,三井倉庫HLDG,東P,299798,2997.98,0,4,04_1000億以上_5000億未満
9303,住友倉庫,東P,297646,2976.46,0,4,04_1000億以上_5000億未満
9304,澁澤倉庫,東P,85037,850.37,0,5,05_500億以上_1000億未満
9305,ヤマタネ,東P,44152,441.52,0,6,06_100億以上_500億未満
9306,東陽倉庫,東S,15691,156.91,0,6,06_100億以上_500億未満
9307,杉村倉庫,東S,15565,155.65,0,6,06_100億以上_500億未満
9308,乾汽船,東S,38953,389.53,0,6,06_100億以上_500億未満
9310,日本トランスシティ,東P,71851,718.51,0,5,05_500億以上_1000億未満
9311,アサガミ,東S,10990,109.9,0,6,06_100億以上_500億未満
9312,ケイヒン,東S,18322,183.22,0,6,06_100億以上_500億未満
9313,丸八倉庫,東S,7380,73.8,0,7,07_100億未満
9319,中央倉庫,東P,33783,337.83,0,6,06_100億以上_500億未満
9322,川西倉庫,東S,18457,184.57,0,6,06_100億以上_500億未満
9324,安田倉庫,東P,67005,670.05,0,5,05_500億以上_1000億未満
9325,ファイズHLDG,東S,12998,129.98,0,6,06_100億以上_500億未満
9326,関通HLDG,東G,4288,42.88,0,7,07_100億未満
9327,イー･ロジット,東S,3089,30.89,0,7,07_100億未満
9330,揚羽,東G,1206,12.06,0,7,07_100億未満
9331,キャスター,東G,1855,18.55,0,7,07_100億未満
9332,NISSOHLDG,東P,19326,193.26,0,6,06_100億以上_500億未満
9336,大栄環境,東P,379593,3795.93,0,4,04_1000億以上_5000億未満
9337,トリドリ,東G,5400,54,0,7,07_100億未満
9338,INFORICH,東G,45526,455.26,0,6,06_100億以上_500億未満
9339,コーチ･エィ,東S,2949,29.49,0,7,07_100億未満
9340,アソインターナショナル,東S,6546,65.46,0,7,07_100億未満
9341,GENOVA,東P,9971,99.71,0,7,07_100億未満
9342,スマサポ,東G,1816,18.16,0,7,07_100億未満
9343,アイビス,東G,14200,142,0,6,06_100億以上_500億未満
9344,アクシスコンサルティング,東G,4808,48.08,0,7,07_100億未満
9345,ビズメイツ,東G,1820,18.2,0,7,07_100億未満
9346,ココルポート,東G,6087,60.87,0,7,07_100億未満
9347,日本管財HLDG,東P,108469,1084.69,0,4,04_1000億以上_5000億未満
9348,ispace,東G,81161,811.61,0,5,05_500億以上_1000億未満
9351,東洋埠頭,東S,13646,136.46,0,6,06_100億以上_500億未満
9353,櫻島埠頭,東S,4335,43.35,0,7,07_100億未満
9355,リンコーコーポレーション,東S,5908,59.08,0,7,07_100億未満
9360,鈴与シンワート,東S,8277,82.77,0,7,07_100億未満
9361,伏木海陸運送,東S,5262,52.62,0,7,07_100億未満
9362,兵機海運,東S,4425,44.25,0,7,07_100億未満
9363,大運,東S,3326,33.26,0,7,07_100億未満
9364,上組,東P,505494,5054.94,1,3,03_5000億以上_1兆未満
9365,トレーディア,東S,2199,21.99,0,7,07_100億未満
9366,サンリツ,東S,5778,57.78,0,7,07_100億未満
9367,大東港運,東S,17107,171.07,0,6,06_100億以上_500億未満
9368,キムラユニティー,東S,40542,405.42,0,6,06_100億以上_500億未満
9369,キユーソー流通システム,東S,87985,879.85,0,5,05_500億以上_1000億未満
9376,ユーラシア旅行社,東S,2749,27.49,0,7,07_100億未満
9380,東海運,東S,11772,117.72,0,6,06_100億以上_500億未満
9381,エーアイテイー,東P,50936,509.36,0,5,05_500億以上_1000億未満
9385,ショーエイコーポレーション,東S,5291,52.91,0,7,07_100億未満
9399,ビートHLDG,東S,1833,18.33,0,7,07_100億未満
9401,TBSHLDG,東P,917736,9177.36,1,3,03_5000億以上_1兆未満
9404,日本テレビHLDG,東P,729327,7293.27,1,3,03_5000億以上_1兆未満
9405,朝日放送グループHLDG,東P,33090,330.9,0,6,06_100億以上_500億未満
9408,BSNメディアHLDG,東S,17220,172.2,0,6,06_100億以上_500億未満
9409,テレビ朝日HLDG,東P,355975,3559.75,0,4,04_1000億以上_5000億未満
9412,スカパーJSAT,東P,1016582,10165.82,1,2,02_1兆以上_10兆未満
9413,テレビ東京HLDG,東P,98183,981.83,0,5,05_500億以上_1000億未満
9414,日本BS放送,東S,16051,160.51,0,6,06_100億以上_500億未満
9416,ビジョン,東P,51193,511.93,0,5,05_500億以上_1000億未満
9417,スマートバリュー,東S,3140,31.4,0,7,07_100億未満
9418,U−NEXT HLDG,東P,284091,2840.91,0,4,04_1000億以上_5000億未満
9419,ワイヤレスゲート,東S,3303,33.03,0,7,07_100億未満
9421,エヌジェイHLDG,東S,3071,30.71,0,7,07_100億未満
9423,フォーバル･リアルストレート,東S,2476,24.76,0,7,07_100億未満
9424,日本通信,東P,19186,191.86,0,6,06_100億以上_500億未満
9425,ReYuu Japan,東S,1180,11.8,0,7,07_100億未満
9428,クロップス,東S,12227,122.27,0,6,06_100億以上_500億未満
9432,NTT,東P,13301841,133018.41,13,1,01_10兆以上
9433,KDDI,東P,10593697,105936.97,11,1,01_10兆以上
9434,ソフトバンク,東P,10275566,102755.66,10,1,01_10兆以上
9435,光通信,東P,1599023,15990.23,2,2,02_1兆以上_10兆未満
9436,沖縄セルラー電話,東S,328600,3286,0,4,04_1000億以上_5000億未満
9438,エムティーアイ,東P,35294,352.94,0,6,06_100億以上_500億未満
9439,エム･エイチ･グループ,東S,2841,28.41,0,7,07_100億未満
9441,ベルパーク,東S,33699,336.99,0,6,06_100億以上_500億未満
9444,トーシンHLDG,東S,1209,12.09,0,7,07_100億未満
9445,フォーバルテレコム,東S,9066,90.66,0,7,07_100億未満
9446,サカイHLDG,東S,7472,74.72,0,7,07_100億未満
9449,GMOインターネットグループ,東P,348348,3483.48,0,4,04_1000億以上_5000億未満
9450,ファイバーゲート,東S,14683,146.83,0,6,06_100億以上_500億未満
9466,アイドママーケティングコミュニ,東S,3042,30.42,0,7,07_100億未満
9467,アルファポリス,東G,30893,308.93,0,6,06_100億以上_500億未満
9468,KADOKAWA,東P,483027,4830.27,0,4,04_1000億以上_5000億未満
9470,学研HLDG,東P,41554,415.54,0,6,06_100億以上_500億未満
9474,ゼンリン,東P,48362,483.62,0,6,06_100億以上_500億未満
9475,昭文社HLDG,東S,8526,85.26,0,7,07_100億未満
9476,中央経済社HLDG,東S,4363,43.63,0,7,07_100億未満
9478,SE H&インキュベーションズ,東S,8484,84.84,0,7,07_100億未満
9501,東京電力HLDG,東P,869397,8693.97,1,3,03_5000億以上_1兆未満
9502,中部電力,東P,2117473,21174.73,2,2,02_1兆以上_10兆未満
9503,関西電力,東P,2598895,25988.95,3,2,02_1兆以上_10兆未満
9504,中国電力,東P,330669,3306.69,0,4,04_1000億以上_5000億未満
9505,北陸電力,東P,168204,1682.04,0,4,04_1000億以上_5000億未満
9506,東北電力,東P,498558,4985.58,0,4,04_1000億以上_5000億未満
9507,四国電力,東P,291058,2910.58,0,4,04_1000億以上_5000億未満
9508,九州電力,東P,763673,7636.73,1,3,03_5000億以上_1兆未満
9509,北海道電力,東P,196540,1965.4,0,4,04_1000億以上_5000億未満
9511,沖縄電力,東P,51064,510.64,0,5,05_500億以上_1000億未満
9513,電源開発,東P,687012,6870.12,1,3,03_5000億以上_1兆未満
9514,エフオン,東S,7442,74.42,0,7,07_100億未満
9517,イーレックス,東P,59012,590.12,0,5,05_500億以上_1000億未満
9519,レノバ,東P,89792,897.92,0,5,05_500億以上_1000億未満
9531,東京瓦斯,東P,2083112,20831.12,2,2,02_1兆以上_10兆未満
9532,大阪瓦斯,東P,2164079,21640.79,2,2,02_1兆以上_10兆未満
9533,東邦瓦斯,東P,436407,4364.07,0,4,04_1000億以上_5000億未満
9534,北海道瓦斯,東P,65364,653.64,0,5,05_500億以上_1000億未満
9535,広島ガス,東P,26464,264.64,0,6,06_100億以上_500億未満
9536,西部ガスHLDG,東P,81143,811.43,0,5,05_500億以上_1000億未満
9537,北陸瓦斯,東S,20400,204,0,6,06_100億以上_500億未満
9539,京葉瓦斯,東S,45665,456.65,0,6,06_100億以上_500億未満
9543,静岡ガス,東P,90974,909.74,0,5,05_500億以上_1000億未満
9551,メタウォーター,東P,143840,1438.4,0,4,04_1000億以上_5000億未満
9552,クオンツ総研HLDG,東P,60052,600.52,0,5,05_500億以上_1000億未満
9553,マイクロアド,東G,15780,157.8,0,6,06_100億以上_500億未満
9554,AViC,東G,9967,99.67,0,7,07_100億未満
9556,INTLOOP,東G,16805,168.05,0,6,06_100億以上_500億未満
9557,エアークローゼット,東G,1292,12.92,0,7,07_100億未満
9558,ジャパニアス,東G,7675,76.75,0,7,07_100億未満
9560,プログリット,東G,8514,85.14,0,7,07_100億未満
9561,グラッドキューブ,東G,3645,36.45,0,7,07_100億未満
9562,ビジネスコーチ,東G,2129,21.29,0,7,07_100億未満
9563,Atlas Technolog,東G,2110,21.1,0,7,07_100億未満
9564,FCE,東S,9558,95.58,0,7,07_100億未満
9565,GLOE,東G,1877,18.77,0,7,07_100億未満
9601,松竹,東P,139936,1399.36,0,4,04_1000億以上_5000億未満
9602,東宝,東P,1026375,10263.75,1,2,02_1兆以上_10兆未満
9603,エイチ･アイ･エス,東P,84333,843.33,0,5,05_500億以上_1000億未満
9605,東映,東P,418699,4186.99,0,4,04_1000億以上_5000億未満
9610,ウィルソン･ラーニング ワール,東S,1216,12.16,0,7,07_100億未満
9612,ラックランド,東P,13912,139.12,0,6,06_100億以上_500億未満
9616,共立メンテナンス,東P,231348,2313.48,0,4,04_1000億以上_5000億未満
9619,イチネンHLDG,東P,50210,502.1,0,5,05_500億以上_1000億未満
9621,建設技術研究所,東P,74080,740.8,0,5,05_500億以上_1000億未満
9622,スペース,東P,36948,369.48,0,6,06_100億以上_500億未満
9625,セレスポ,東S,6143,61.43,0,7,07_100億未満
9627,アインHLDG,東P,206192,2061.92,0,4,04_1000億以上_5000億未満
9628,燦HLDG,東P,32476,324.76,0,6,06_100億以上_500億未満
9629,ピー･シー･エー,東P,28160,281.6,0,6,06_100億以上_500億未満
9632,スバル興業,東S,47983,479.83,0,6,06_100億以上_500億未満
9633,東京テアトル,東S,12901,129.01,0,6,06_100億以上_500億未満
9635,武蔵野興業,東S,2632,26.32,0,7,07_100億未満
9636,キンエイ,東S,11764,117.64,0,6,06_100億以上_500億未満
9639,三協フロンテア,東S,49937,499.37,0,6,06_100億以上_500億未満
9640,セゾンテクノロジー,東S,33615,336.15,0,6,06_100億以上_500億未満
9644,タナベコンサルティンググループ,東P,23936,239.36,0,6,06_100億以上_500億未満
9647,協和コンサルタンツ,東S,4103,41.03,0,7,07_100億未満
9651,日本プロセス,東S,17660,176.6,0,6,06_100億以上_500億未満
9656,グリーンランドリゾート,東S,6218,62.18,0,7,07_100億未満
9658,ビジネスブレイン太田昭和,東P,35577,355.77,0,6,06_100億以上_500億未満
9661,歌舞伎座,東S,54217,542.17,0,5,05_500億以上_1000億未満
9663,ナガワ,東P,77697,776.97,0,5,05_500億以上_1000億未満
9672,東京都競馬,東P,130595,1305.95,0,4,04_1000億以上_5000億未満
9678,カナモト,東P,196811,1968.11,0,4,04_1000億以上_5000億未満
9679,ホウライ,東S,9683,96.83,0,7,07_100億未満
9682,DTS,東P,165922,1659.22,0,4,04_1000億以上_5000億未満
9684,スクウェア･エニックスHLDG,東P,911084,9110.84,1,3,03_5000億以上_1兆未満
9685,KYCOM HLDG,東S,2844,28.44,0,7,07_100億未満
9686,東洋テック,東S,18932,189.32,0,6,06_100億以上_500億未満
9687,KSK,東S,33104,331.04,0,6,06_100億以上_500億未満
9691,両毛システムズ,東S,18182,181.82,0,6,06_100億以上_500億未満
9692,シーイーシー,東P,71216,712.16,0,5,05_500億以上_1000億未満
9697,カプコン,東P,1501759,15017.59,2,2,02_1兆以上_10兆未満
9698,クレオ,東S,10183,101.83,0,6,06_100億以上_500億未満
9699,ニシオHLDG,東P,107178,1071.78,0,4,04_1000億以上_5000億未満
9701,東京會舘,東S,14098,140.98,0,6,06_100億以上_500億未満
9702,アイ･エス･ビー,東P,26940,269.4,0,6,06_100億以上_500億未満
9704,アゴーラ ホスピタリティー,東S,7606,76.06,0,7,07_100億未満
9706,日本空港ビルデング,東P,428562,4285.62,0,4,04_1000億以上_5000億未満
9708,帝国ホテル,東S,123790,1237.9,0,4,04_1000億以上_5000億未満
9709,NCS&A,東S,23274,232.74,0,6,06_100億以上_500億未満
9713,ロイヤルホテル,東S,13681,136.81,0,6,06_100億以上_500億未満
9715,トランス･コスモス,東P,166899,1668.99,0,4,04_1000億以上_5000億未満
9716,乃村工藝社,東P,128529,1285.29,0,4,04_1000億以上_5000億未満
9720,ホテル､ニューグランド,東S,6581,65.81,0,7,07_100億未満
9722,藤田観光,東P,110965,1109.65,0,4,04_1000億以上_5000億未満
9723,京都ホテル,東S,7589,75.89,0,7,07_100億未満
9726,KNTーCT HLDG,東S,53596,535.96,0,5,05_500億以上_1000億未満
9729,トーカイ,東P,75516,755.16,0,5,05_500億以上_1000億未満
9731,白洋舎,東S,13396,133.96,0,6,06_100億以上_500億未満
9733,ナガセ,東S,66584,665.84,0,5,05_500億以上_1000億未満
9735,セコム,東P,2960109,29601.09,3,2,02_1兆以上_10兆未満
9739,NSW,東P,37369,373.69,0,6,06_100億以上_500億未満
9740,セントラル警備保障,東P,39975,399.75,0,6,06_100億以上_500億未満
9742,アイネス,東P,44350,443.5,0,6,06_100億以上_500億未満
9743,丹青社,東P,63823,638.23,0,5,05_500億以上_1000億未満
9744,メイテックグループHLDG,東P,234780,2347.8,0,4,04_1000億以上_5000億未満
9746,TKC,東P,172077,1720.77,0,4,04_1000億以上_5000億未満
9753,アイエックス･ナレッジ,東S,13165,131.65,0,6,06_100億以上_500億未満
9755,応用地質,東P,67834,678.34,0,5,05_500億以上_1000億未満
9757,船井総研HLDG,東P,104100,1041,0,4,04_1000億以上_5000億未満
9759,NSD,東P,218870,2188.7,0,4,04_1000億以上_5000億未満
9760,進学会HLDG,東S,2203,22.03,0,7,07_100億未満
9761,東海リース,東S,7502,75.02,0,7,07_100億未満
9763,丸建リース,東S,12181,121.81,0,6,06_100億以上_500億未満
9765,オオバ,東P,17342,173.42,0,6,06_100億以上_500億未満
9766,コナミグループ,東P,2809730,28097.3,3,2,02_1兆以上_10兆未満
9767,日建工学,東S,2669,26.69,0,7,07_100億未満
9768,イデア,東S,23097,230.97,0,6,06_100億以上_500億未満
9769,学究社,東P,27004,270.04,0,6,06_100億以上_500億未満
9778,昴,東S,3835,38.35,0,7,07_100億未満
9780,ハリマビステム,東S,8652,86.52,0,7,07_100億未満
9782,ディーエムエス,東S,23456,234.56,0,6,06_100億以上_500億未満
9788,ナック,東P,22468,224.68,0,6,06_100億以上_500億未満
9790,福井コンピュータHLDG,東P,64170,641.7,0,5,05_500億以上_1000億未満
9791,ビケンテクノ,東S,8923,89.23,0,7,07_100億未満
9793,ダイセキ,東P,186720,1867.2,0,4,04_1000億以上_5000億未満
9795,ステップ,東P,36774,367.74,0,6,06_100億以上_500億未満
9799,旭情報サービス,東S,14662,146.62,0,6,06_100億以上_500億未満
9812,テーオーHLDG,東S,2044,20.44,0,7,07_100億未満
9816,ストライダーズ,東S,2506,25.06,0,7,07_100億未満
9818,大丸エナウィン,東S,14122,141.22,0,6,06_100億以上_500億未満
9820,エムティジェネックス,東S,3833,38.33,0,7,07_100億未満
9823,マミーマートHLDG,東S,52958,529.58,0,5,05_500億以上_1000億未満
9824,泉州電業,東P,116100,1161,0,4,04_1000億以上_5000億未満
9827,リリカラ,東S,7471,74.71,0,7,07_100億未満
9828,Genki Global Di,東S,47985,479.85,0,6,06_100億以上_500億未満
9830,トラスコ中山,東P,142909,1429.09,0,4,04_1000億以上_5000億未満
9831,ヤマダHLDG,東P,628461,6284.61,1,3,03_5000億以上_1兆未満
9832,オートバックスセブン,東P,120368,1203.68,0,4,04_1000億以上_5000億未満
9835,ジュンテンドー,東S,4191,41.91,0,7,07_100億未満
9837,モリト,東P,46578,465.78,0,6,06_100億以上_500億未満
9842,アークランズ,東P,120145,1201.45,0,4,04_1000億以上_5000億未満
9843,ニトリHLDG,東P,1567590,15675.9,2,2,02_1兆以上_10兆未満
9845,パーカーコーポレーション,東S,34574,345.74,0,6,06_100億以上_500億未満
9846,天満屋ストア,東S,11250,112.5,0,6,06_100億以上_500億未満
9849,共同紙販HLDG,東S,3287,32.87,0,7,07_100億未満
9850,グルメ杵屋,東P,21833,218.33,0,6,06_100億以上_500億未満
9853,銀座ルノアール,東S,5639,56.39,0,7,07_100億未満
9854,愛眼,東S,4700,47,0,7,07_100億未満
9856,ケーユーHLDG,東S,50348,503.48,0,5,05_500億以上_1000億未満
9857,英和,東S,15949,159.49,0,6,06_100億以上_500億未満
9861,吉野家HLDG,東P,200794,2007.94,0,4,04_1000億以上_5000億未満
9867,ソレキア,東S,8947,89.47,0,7,07_100億未満
9869,加藤産業,東P,200900,2009,0,4,04_1000億以上_5000億未満
9872,北恵,東S,8860,88.6,0,7,07_100億未満
9876,コックス,東S,6374,63.74,0,7,07_100億未満
9878,セキド,東S,1425,14.25,0,7,07_100億未満
9880,イノテック,東P,62061,620.61,0,5,05_500億以上_1000億未満
9882,イエローハット,東P,142107,1421.07,0,4,04_1000億以上_5000億未満
9885,シャルレ,東S,5405,54.05,0,7,07_100億未満
9887,松屋フーズHLDG,東P,91547,915.47,0,5,05_500億以上_1000億未満
9888,UEX,東S,10693,106.93,0,6,06_100億以上_500億未満
9889,JBCC HLDG,東P,84248,842.48,0,5,05_500億以上_1000億未満
9890,マキヤ,東S,14387,143.87,0,6,06_100億以上_500億未満
9895,コンセック,東S,2336,23.36,0,7,07_100億未満
9896,JK HLDG,東S,39917,399.17,0,6,06_100億以上_500億未満
9900,サガミHLDG,東P,46725,467.25,0,6,06_100億以上_500億未満
9902,日伝,東P,74312,743.12,0,5,05_500億以上_1000億未満
9903,カンセキ,東S,9580,95.8,0,7,07_100億未満
9904,ベリテ,東S,6508,65.08,0,7,07_100億未満
9906,藤井産業,東S,36737,367.37,0,6,06_100億以上_500億未満
9908,日本電計,東S,29605,296.05,0,6,06_100億以上_500億未満
9913,日邦産業,東S,34091,340.91,0,6,06_100億以上_500億未満
9914,植松商会,東S,1652,16.52,0,7,07_100億未満
9927,ワットマン,東S,8777,87.77,0,7,07_100億未満
9928,ミロク情報サービス,東P,55470,554.7,0,5,05_500億以上_1000億未満
9929,平和紙業,東S,4755,47.55,0,7,07_100億未満
9930,北沢産業,東S,8122,81.22,0,7,07_100億未満
9932,杉本商事,東P,25648,256.48,0,6,06_100億以上_500億未満
9934,因幡電機産業,東P,303926,3039.26,0,4,04_1000億以上_5000億未満
9936,王将フードサービス,東P,168633,1686.33,0,4,04_1000億以上_5000億未満
9941,太洋物産,東S,2029,20.29,0,7,07_100億未満
9946,ミニストップ,東P,53488,534.88,0,5,05_500億以上_1000億未満
9948,アークス,東P,185056,1850.56,0,4,04_1000億以上_5000億未満
9950,ハチバン,東S,10462,104.62,0,6,06_100億以上_500億未満
9955,ヨンキュウ,東S,31219,312.19,0,6,06_100億以上_500億未満
9956,バローHLDG,東P,181398,1813.98,0,4,04_1000億以上_5000億未満
9959,アシードHLDG,東S,12092,120.92,0,6,06_100億以上_500億未満
9960,東テク,東P,155477,1554.77,0,4,04_1000億以上_5000億未満
9962,ミスミグループ本社,東P,1074756,10747.56,1,2,02_1兆以上_10兆未満
9969,ショクブン,東S,3928,39.28,0,7,07_100億未満
9972,アルテック,東S,3970,39.7,0,7,07_100億未満
9973,KOZOHLDG,東S,6219,62.19,0,7,07_100億未満
9974,ベルク,東P,128128,1281.28,0,4,04_1000億以上_5000億未満
9976,セキチュー,東S,5748,57.48,0,7,07_100億未満
9978,文教堂グループHLDG,東S,1929,19.29,0,7,07_100億未満
9979,大庄,東S,22280,222.8,0,6,06_100億以上_500億未満
9980,MRK HLDG,東S,10028,100.28,0,6,06_100億以上_500億未満
9982,タキヒヨー,東S,23725,237.25,0,6,06_100億以上_500億未満
9983,ファーストリテイリング,東P,25098090,250980.9,25,1,01_10兆以上
9984,ソフトバンクグループ,東P,42136303,421363.03,42,1,01_10兆以上
9986,蔵王産業,東S,15352,153.52,0,6,06_100億以上_500億未満
9987,スズケン,東P,362279,3622.79,0,4,04_1000億以上_5000億未満
9989,サンドラッグ,東P,445344,4453.44,0,4,04_1000億以上_5000億未満
9990,サックスバー HLDG,東P,21380,213.8,0,6,06_100億以上_500億未満
9991,ジェコス,東P,48970,489.7,0,6,06_100億以上_500億未満
9993,ヤマザワ,東S,12693,126.93,0,6,06_100億以上_500億未満
9994,ヤマヤ,東S,22466,224.66,0,6,06_100億以上_500億未満
9996,サトー商会,東S,18580,185.8,0,6,06_100億以上_500億未満
9997,ベルーナ,東P,90535,905.35,0,5,05_500億以上_1000億未満
